slot	arm	attempt	started_at	finished_at	exit_code	run_dir	response_turns	classification	log
1	dots96	1	2026-08-12T14:27:43+00:00	2026-08-12T14:32:06+00:00	-15	runs/aiwf_medium_context/20260812T142743Z_nemotron-3.5-lightning_dots96_slot001_attempt01_489c12ee	5	fixed_denominator_short	ops/local-nemotron35-lightning-sglang/aiewf-medium-thinking-on-fillers-n30-20260812/artifacts/logs/slot001-dots96-attempt01.log
2	dashes96	1	2026-08-12T14:32:06+00:00	2026-08-12T14:36:28+00:00	-15	runs/aiwf_medium_context/20260812T143206Z_nemotron-3.5-lightning_dashes96_slot002_attempt01_6f0909b0	5	fixed_denominator_short	ops/local-nemotron35-lightning-sglang/aiewf-medium-thinking-on-fillers-n30-20260812/artifacts/logs/slot002-dashes96-attempt01.log
3	dashes96	1	2026-08-12T14:36:28+00:00	2026-08-12T14:39:51+00:00	-15	runs/aiwf_medium_context/20260812T143628Z_nemotron-3.5-lightning_dashes96_slot003_attempt01_a3fe6379	11	fixed_denominator_short	ops/local-nemotron35-lightning-sglang/aiewf-medium-thinking-on-fillers-n30-20260812/artifacts/logs/slot003-dashes96-attempt01.log
4	dots96	1	2026-08-12T14:39:51+00:00	2026-08-12T14:42:49+00:00	-15	runs/aiwf_medium_context/20260812T143951Z_nemotron-3.5-lightning_dots96_slot004_attempt01_159d86f0	5	fixed_denominator_short	ops/local-nemotron35-lightning-sglang/aiewf-medium-thinking-on-fillers-n30-20260812/artifacts/logs/slot004-dots96-attempt01.log
5	dots96	1	2026-08-12T14:42:49+00:00	2026-08-12T14:45:59+00:00	-15	runs/aiwf_medium_context/20260812T144249Z_nemotron-3.5-lightning_dots96_slot005_attempt01_f47d2292	10	fixed_denominator_short	ops/local-nemotron35-lightning-sglang/aiewf-medium-thinking-on-fillers-n30-20260812/artifacts/logs/slot005-dots96-attempt01.log
6	dashes96	1	2026-08-12T14:45:59+00:00	2026-08-12T14:48:49+00:00	-15	runs/aiwf_medium_context/20260812T144559Z_nemotron-3.5-lightning_dashes96_slot006_attempt01_8a793cc2	2	fixed_denominator_short	ops/local-nemotron35-lightning-sglang/aiewf-medium-thinking-on-fillers-n30-20260812/artifacts/logs/slot006-dashes96-attempt01.log
7	dashes96	1	2026-08-12T14:48:49+00:00	2026-08-12T14:52:23+00:00	-15	runs/aiwf_medium_context/20260812T144849Z_nemotron-3.5-lightning_dashes96_slot007_attempt01_f8aac249	17	fixed_denominator_short	ops/local-nemotron35-lightning-sglang/aiewf-medium-thinking-on-fillers-n30-20260812/artifacts/logs/slot007-dashes96-attempt01.log
8	dots96	1	2026-08-12T14:52:23+00:00	2026-08-12T14:55:48+00:00	-15	runs/aiwf_medium_context/20260812T145223Z_nemotron-3.5-lightning_dots96_slot008_attempt01_7077ddae	12	fixed_denominator_short	ops/local-nemotron35-lightning-sglang/aiewf-medium-thinking-on-fillers-n30-20260812/artifacts/logs/slot008-dots96-attempt01.log
9	dots96	1	2026-08-12T14:55:48+00:00	2026-08-12T14:58:40+00:00	-15	runs/aiwf_medium_context/20260812T145548Z_nemotron-3.5-lightning_dots96_slot009_attempt01_d373709c	3	fixed_denominator_short	ops/local-nemotron35-lightning-sglang/aiewf-medium-thinking-on-fillers-n30-20260812/artifacts/logs/slot009-dots96-attempt01.log
10	dashes96	1	2026-08-12T14:58:40+00:00	2026-08-12T15:02:00+00:00	-15	runs/aiwf_medium_context/20260812T145840Z_nemotron-3.5-lightning_dashes96_slot010_attempt01_ba57f1b6	12	fixed_denominator_short	ops/local-nemotron35-lightning-sglang/aiewf-medium-thinking-on-fillers-n30-20260812/artifacts/logs/slot010-dashes96-attempt01.log
11	dashes96	1	2026-08-12T15:02:00+00:00	2026-08-12T15:04:46+00:00	-15	runs/aiwf_medium_context/20260812T150200Z_nemotron-3.5-lightning_dashes96_slot011_attempt01_7b95f6f3	2	fixed_denominator_short	ops/local-nemotron35-lightning-sglang/aiewf-medium-thinking-on-fillers-n30-20260812/artifacts/logs/slot011-dashes96-attempt01.log
12	dots96	1	2026-08-12T15:04:46+00:00	2026-08-12T15:07:41+00:00	-15	runs/aiwf_medium_context/20260812T150446Z_nemotron-3.5-lightning_dots96_slot012_attempt01_2452b3a8	3	fixed_denominator_short	ops/local-nemotron35-lightning-sglang/aiewf-medium-thinking-on-fillers-n30-20260812/artifacts/logs/slot012-dots96-attempt01.log
13	dots96	1	2026-08-12T15:07:41+00:00	2026-08-12T15:10:42+00:00	-15	runs/aiwf_medium_context/20260812T150741Z_nemotron-3.5-lightning_dots96_slot013_attempt01_be6f1d51	5	fixed_denominator_short	ops/local-nemotron35-lightning-sglang/aiewf-medium-thinking-on-fillers-n30-20260812/artifacts/logs/slot013-dots96-attempt01.log
14	dashes96	1	2026-08-12T15:10:42+00:00	2026-08-12T15:14:11+00:00	-15	runs/aiwf_medium_context/20260812T151042Z_nemotron-3.5-lightning_dashes96_slot014_attempt01_cabaa418	11	fixed_denominator_short	ops/local-nemotron35-lightning-sglang/aiewf-medium-thinking-on-fillers-n30-20260812/artifacts/logs/slot014-dashes96-attempt01.log
15	dashes96	1	2026-08-12T15:14:11+00:00	2026-08-12T15:16:54+00:00	-15	runs/aiwf_medium_context/20260812T151411Z_nemotron-3.5-lightning_dashes96_slot015_attempt01_d8c32479	1	fixed_denominator_short	ops/local-nemotron35-lightning-sglang/aiewf-medium-thinking-on-fillers-n30-20260812/artifacts/logs/slot015-dashes96-attempt01.log
16	dots96	1	2026-08-12T15:16:54+00:00	2026-08-12T15:20:13+00:00	-15	runs/aiwf_medium_context/20260812T151654Z_nemotron-3.5-lightning_dots96_slot016_attempt01_54fe1c04	13	fixed_denominator_short	ops/local-nemotron35-lightning-sglang/aiewf-medium-thinking-on-fillers-n30-20260812/artifacts/logs/slot016-dots96-attempt01.log
17	dots96	1	2026-08-12T15:20:13+00:00	2026-08-12T15:23:12+00:00	-15	runs/aiwf_medium_context/20260812T152013Z_nemotron-3.5-lightning_dots96_slot017_attempt01_224f4bfc	5	fixed_denominator_short	ops/local-nemotron35-lightning-sglang/aiewf-medium-thinking-on-fillers-n30-20260812/artifacts/logs/slot017-dots96-attempt01.log
18	dashes96	1	2026-08-12T15:23:12+00:00	2026-08-12T15:26:31+00:00	-15	runs/aiwf_medium_context/20260812T152312Z_nemotron-3.5-lightning_dashes96_slot018_attempt01_5639d3b7	11	fixed_denominator_short	ops/local-nemotron35-lightning-sglang/aiewf-medium-thinking-on-fillers-n30-20260812/artifacts/logs/slot018-dashes96-attempt01.log
19	dashes96	1	2026-08-12T15:26:31+00:00	2026-08-12T15:29:26+00:00	-15	runs/aiwf_medium_context/20260812T152631Z_nemotron-3.5-lightning_dashes96_slot019_attempt01_962043bc	4	fixed_denominator_short	ops/local-nemotron35-lightning-sglang/aiewf-medium-thinking-on-fillers-n30-20260812/artifacts/logs/slot019-dashes96-attempt01.log
20	dots96	1	2026-08-12T15:29:26+00:00	2026-08-12T15:32:54+00:00	-15	runs/aiwf_medium_context/20260812T152926Z_nemotron-3.5-lightning_dots96_slot020_attempt01_26d7ce10	12	fixed_denominator_short	ops/local-nemotron35-lightning-sglang/aiewf-medium-thinking-on-fillers-n30-20260812/artifacts/logs/slot020-dots96-attempt01.log
21	dots96	1	2026-08-12T15:32:54+00:00	2026-08-12T15:35:56+00:00	-15	runs/aiwf_medium_context/20260812T153254Z_nemotron-3.5-lightning_dots96_slot021_attempt01_12e68baa	5	fixed_denominator_short	ops/local-nemotron35-lightning-sglang/aiewf-medium-thinking-on-fillers-n30-20260812/artifacts/logs/slot021-dots96-attempt01.log
22	dashes96	1	2026-08-12T15:35:56+00:00	2026-08-12T15:39:06+00:00	-15	runs/aiwf_medium_context/20260812T153556Z_nemotron-3.5-lightning_dashes96_slot022_attempt01_3310f200	10	fixed_denominator_short	ops/local-nemotron35-lightning-sglang/aiewf-medium-thinking-on-fillers-n30-20260812/artifacts/logs/slot022-dashes96-attempt01.log
23	dashes96	1	2026-08-12T15:39:06+00:00	2026-08-12T15:42:22+00:00	-15	runs/aiwf_medium_context/20260812T153906Z_nemotron-3.5-lightning_dashes96_slot023_attempt01_1b5d6206	12	fixed_denominator_short	ops/local-nemotron35-lightning-sglang/aiewf-medium-thinking-on-fillers-n30-20260812/artifacts/logs/slot023-dashes96-attempt01.log
24	dots96	1	2026-08-12T15:42:22+00:00	2026-08-12T15:45:17+00:00	-15	runs/aiwf_medium_context/20260812T154222Z_nemotron-3.5-lightning_dots96_slot024_attempt01_5abbff55	4	fixed_denominator_short	ops/local-nemotron35-lightning-sglang/aiewf-medium-thinking-on-fillers-n30-20260812/artifacts/logs/slot024-dots96-attempt01.log
25	dots96	1	2026-08-12T15:45:18+00:00	2026-08-12T15:48:37+00:00	-15	runs/aiwf_medium_context/20260812T154518Z_nemotron-3.5-lightning_dots96_slot025_attempt01_cbfaf182	12	fixed_denominator_short	ops/local-nemotron35-lightning-sglang/aiewf-medium-thinking-on-fillers-n30-20260812/artifacts/logs/slot025-dots96-attempt01.log
26	dashes96	1	2026-08-12T15:48:37+00:00	2026-08-12T15:52:02+00:00	-15	runs/aiwf_medium_context/20260812T154837Z_nemotron-3.5-lightning_dashes96_slot026_attempt01_4385523e	11	fixed_denominator_short	ops/local-nemotron35-lightning-sglang/aiewf-medium-thinking-on-fillers-n30-20260812/artifacts/logs/slot026-dashes96-attempt01.log
27	dashes96	1	2026-08-12T15:52:02+00:00	2026-08-12T15:55:00+00:00	-15	runs/aiwf_medium_context/20260812T155202Z_nemotron-3.5-lightning_dashes96_slot027_attempt01_13949bb6	4	fixed_denominator_short	ops/local-nemotron35-lightning-sglang/aiewf-medium-thinking-on-fillers-n30-20260812/artifacts/logs/slot027-dashes96-attempt01.log
28	dots96	1	2026-08-12T15:55:00+00:00	2026-08-12T15:57:59+00:00	-15	runs/aiwf_medium_context/20260812T155500Z_nemotron-3.5-lightning_dots96_slot028_attempt01_0337231c	4	fixed_denominator_short	ops/local-nemotron35-lightning-sglang/aiewf-medium-thinking-on-fillers-n30-20260812/artifacts/logs/slot028-dots96-attempt01.log
29	dots96	1	2026-08-12T15:57:59+00:00	2026-08-12T16:01:18+00:00	-15	runs/aiwf_medium_context/20260812T155759Z_nemotron-3.5-lightning_dots96_slot029_attempt01_068b7bde	12	fixed_denominator_short	ops/local-nemotron35-lightning-sglang/aiewf-medium-thinking-on-fillers-n30-20260812/artifacts/logs/slot029-dots96-attempt01.log
30	dashes96	1	2026-08-12T16:01:18+00:00	2026-08-12T16:04:52+00:00	-15	runs/aiwf_medium_context/20260812T160118Z_nemotron-3.5-lightning_dashes96_slot030_attempt01_96d207af	22	fixed_denominator_short	ops/local-nemotron35-lightning-sglang/aiewf-medium-thinking-on-fillers-n30-20260812/artifacts/logs/slot030-dashes96-attempt01.log
31	dashes96	1	2026-08-12T16:04:52+00:00	2026-08-12T16:08:27+00:00	-15	runs/aiwf_medium_context/20260812T160452Z_nemotron-3.5-lightning_dashes96_slot031_attempt01_eacb6cfa	13	fixed_denominator_short	ops/local-nemotron35-lightning-sglang/aiewf-medium-thinking-on-fillers-n30-20260812/artifacts/logs/slot031-dashes96-attempt01.log
32	dots96	1	2026-08-12T16:08:27+00:00	2026-08-12T16:11:31+00:00	-15	runs/aiwf_medium_context/20260812T160827Z_nemotron-3.5-lightning_dots96_slot032_attempt01_be1d13bc	6	fixed_denominator_short	ops/local-nemotron35-lightning-sglang/aiewf-medium-thinking-on-fillers-n30-20260812/artifacts/logs/slot032-dots96-attempt01.log
33	dots96	1	2026-08-12T16:11:31+00:00	2026-08-12T16:14:32+00:00	-15	runs/aiwf_medium_context/20260812T161131Z_nemotron-3.5-lightning_dots96_slot033_attempt01_961cf18e	6	fixed_denominator_short	ops/local-nemotron35-lightning-sglang/aiewf-medium-thinking-on-fillers-n30-20260812/artifacts/logs/slot033-dots96-attempt01.log
34	dashes96	1	2026-08-12T16:14:32+00:00	2026-08-12T16:17:27+00:00	-15	runs/aiwf_medium_context/20260812T161432Z_nemotron-3.5-lightning_dashes96_slot034_attempt01_b3bcfc04	4	fixed_denominator_short	ops/local-nemotron35-lightning-sglang/aiewf-medium-thinking-on-fillers-n30-20260812/artifacts/logs/slot034-dashes96-attempt01.log
35	dashes96	1	2026-08-12T16:17:27+00:00	2026-08-12T16:20:41+00:00	-15	runs/aiwf_medium_context/20260812T161727Z_nemotron-3.5-lightning_dashes96_slot035_attempt01_00d16a78	8	fixed_denominator_short	ops/local-nemotron35-lightning-sglang/aiewf-medium-thinking-on-fillers-n30-20260812/artifacts/logs/slot035-dashes96-attempt01.log
36	dots96	1	2026-08-12T16:20:41+00:00	2026-08-12T16:23:45+00:00	-15	runs/aiwf_medium_context/20260812T162041Z_nemotron-3.5-lightning_dots96_slot036_attempt01_80bbeda8	4	fixed_denominator_short	ops/local-nemotron35-lightning-sglang/aiewf-medium-thinking-on-fillers-n30-20260812/artifacts/logs/slot036-dots96-attempt01.log
37	dots96	1	2026-08-12T16:23:45+00:00	2026-08-12T16:26:43+00:00	-15	runs/aiwf_medium_context/20260812T162345Z_nemotron-3.5-lightning_dots96_slot037_attempt01_d1f6e88f	5	fixed_denominator_short	ops/local-nemotron35-lightning-sglang/aiewf-medium-thinking-on-fillers-n30-20260812/artifacts/logs/slot037-dots96-attempt01.log
38	dashes96	1	2026-08-12T16:26:43+00:00	2026-08-12T16:29:41+00:00	-15	runs/aiwf_medium_context/20260812T162643Z_nemotron-3.5-lightning_dashes96_slot038_attempt01_112c4527	5	fixed_denominator_short	ops/local-nemotron35-lightning-sglang/aiewf-medium-thinking-on-fillers-n30-20260812/artifacts/logs/slot038-dashes96-attempt01.log
39	dashes96	1	2026-08-12T16:29:41+00:00	2026-08-12T16:33:22+00:00	-15	runs/aiwf_medium_context/20260812T162941Z_nemotron-3.5-lightning_dashes96_slot039_attempt01_a3b8c17a	22	fixed_denominator_short	ops/local-nemotron35-lightning-sglang/aiewf-medium-thinking-on-fillers-n30-20260812/artifacts/logs/slot039-dashes96-attempt01.log
40	dots96	1	2026-08-12T16:33:22+00:00	2026-08-12T16:36:56+00:00	-15	runs/aiwf_medium_context/20260812T163322Z_nemotron-3.5-lightning_dots96_slot040_attempt01_ae7846e1	16	fixed_denominator_short	ops/local-nemotron35-lightning-sglang/aiewf-medium-thinking-on-fillers-n30-20260812/artifacts/logs/slot040-dots96-attempt01.log
41	dots96	1	2026-08-12T16:36:56+00:00	2026-08-12T16:40:18+00:00	-15	runs/aiwf_medium_context/20260812T163656Z_nemotron-3.5-lightning_dots96_slot041_attempt01_139ef882	13	fixed_denominator_short	ops/local-nemotron35-lightning-sglang/aiewf-medium-thinking-on-fillers-n30-20260812/artifacts/logs/slot041-dots96-attempt01.log
42	dashes96	1	2026-08-12T16:40:18+00:00	2026-08-12T16:43:35+00:00	-15	runs/aiwf_medium_context/20260812T164018Z_nemotron-3.5-lightning_dashes96_slot042_attempt01_a6c4e950	11	fixed_denominator_short	ops/local-nemotron35-lightning-sglang/aiewf-medium-thinking-on-fillers-n30-20260812/artifacts/logs/slot042-dashes96-attempt01.log
43	dashes96	1	2026-08-12T16:43:35+00:00	2026-08-12T16:47:03+00:00	-15	runs/aiwf_medium_context/20260812T164335Z_nemotron-3.5-lightning_dashes96_slot043_attempt01_0d13ae89	17	fixed_denominator_short	ops/local-nemotron35-lightning-sglang/aiewf-medium-thinking-on-fillers-n30-20260812/artifacts/logs/slot043-dashes96-attempt01.log
44	dots96	1	2026-08-12T16:47:03+00:00	2026-08-12T16:50:07+00:00	-15	runs/aiwf_medium_context/20260812T164703Z_nemotron-3.5-lightning_dots96_slot044_attempt01_4f78d1cc	5	fixed_denominator_short	ops/local-nemotron35-lightning-sglang/aiewf-medium-thinking-on-fillers-n30-20260812/artifacts/logs/slot044-dots96-attempt01.log
45	dots96	1	2026-08-12T16:50:07+00:00	2026-08-12T16:53:26+00:00	-15	runs/aiwf_medium_context/20260812T165007Z_nemotron-3.5-lightning_dots96_slot045_attempt01_ab97bc00	12	fixed_denominator_short	ops/local-nemotron35-lightning-sglang/aiewf-medium-thinking-on-fillers-n30-20260812/artifacts/logs/slot045-dots96-attempt01.log
46	dashes96	1	2026-08-12T16:53:26+00:00	2026-08-12T16:56:58+00:00	-15	runs/aiwf_medium_context/20260812T165326Z_nemotron-3.5-lightning_dashes96_slot046_attempt01_b26a0695	11	fixed_denominator_short	ops/local-nemotron35-lightning-sglang/aiewf-medium-thinking-on-fillers-n30-20260812/artifacts/logs/slot046-dashes96-attempt01.log
47	dashes96	1	2026-08-12T16:56:58+00:00	2026-08-12T16:59:47+00:00	-15	runs/aiwf_medium_context/20260812T165658Z_nemotron-3.5-lightning_dashes96_slot047_attempt01_375f4792	2	fixed_denominator_short	ops/local-nemotron35-lightning-sglang/aiewf-medium-thinking-on-fillers-n30-20260812/artifacts/logs/slot047-dashes96-attempt01.log
48	dots96	1	2026-08-12T16:59:47+00:00	2026-08-12T17:02:39+00:00	-15	runs/aiwf_medium_context/20260812T165947Z_nemotron-3.5-lightning_dots96_slot048_attempt01_7c188cc7	3	fixed_denominator_short	ops/local-nemotron35-lightning-sglang/aiewf-medium-thinking-on-fillers-n30-20260812/artifacts/logs/slot048-dots96-attempt01.log
49	dots96	1	2026-08-12T17:02:39+00:00	2026-08-12T17:05:32+00:00	-15	runs/aiwf_medium_context/20260812T170239Z_nemotron-3.5-lightning_dots96_slot049_attempt01_2fcb6acf	3	fixed_denominator_short	ops/local-nemotron35-lightning-sglang/aiewf-medium-thinking-on-fillers-n30-20260812/artifacts/logs/slot049-dots96-attempt01.log
50	dashes96	1	2026-08-12T17:05:32+00:00	2026-08-12T17:08:54+00:00	-15	runs/aiwf_medium_context/20260812T170532Z_nemotron-3.5-lightning_dashes96_slot050_attempt01_ef5be131	12	fixed_denominator_short	ops/local-nemotron35-lightning-sglang/aiewf-medium-thinking-on-fillers-n30-20260812/artifacts/logs/slot050-dashes96-attempt01.log
51	dashes96	1	2026-08-12T17:08:54+00:00	2026-08-12T17:12:16+00:00	-15	runs/aiwf_medium_context/20260812T170854Z_nemotron-3.5-lightning_dashes96_slot051_attempt01_7c36bc4f	11	fixed_denominator_short	ops/local-nemotron35-lightning-sglang/aiewf-medium-thinking-on-fillers-n30-20260812/artifacts/logs/slot051-dashes96-attempt01.log
52	dots96	1	2026-08-12T17:12:16+00:00	2026-08-12T17:14:59+00:00	-15	runs/aiwf_medium_context/20260812T171216Z_nemotron-3.5-lightning_dots96_slot052_attempt01_f93d8327	1	fixed_denominator_short	ops/local-nemotron35-lightning-sglang/aiewf-medium-thinking-on-fillers-n30-20260812/artifacts/logs/slot052-dots96-attempt01.log
53	dots96	1	2026-08-12T17:14:59+00:00	2026-08-12T17:18:01+00:00	-15	runs/aiwf_medium_context/20260812T171459Z_nemotron-3.5-lightning_dots96_slot053_attempt01_313dc669	6	fixed_denominator_short	ops/local-nemotron35-lightning-sglang/aiewf-medium-thinking-on-fillers-n30-20260812/artifacts/logs/slot053-dots96-attempt01.log
54	dashes96	1	2026-08-12T17:18:01+00:00	2026-08-12T17:20:56+00:00	-15	runs/aiwf_medium_context/20260812T171801Z_nemotron-3.5-lightning_dashes96_slot054_attempt01_1c05413a	4	fixed_denominator_short	ops/local-nemotron35-lightning-sglang/aiewf-medium-thinking-on-fillers-n30-20260812/artifacts/logs/slot054-dashes96-attempt01.log
55	dashes96	1	2026-08-12T17:20:56+00:00	2026-08-12T17:24:24+00:00	-15	runs/aiwf_medium_context/20260812T172056Z_nemotron-3.5-lightning_dashes96_slot055_attempt01_72a1ebbd	12	fixed_denominator_short	ops/local-nemotron35-lightning-sglang/aiewf-medium-thinking-on-fillers-n30-20260812/artifacts/logs/slot055-dashes96-attempt01.log
56	dots96	1	2026-08-12T17:24:24+00:00	2026-08-12T17:27:43+00:00	-15	runs/aiwf_medium_context/20260812T172424Z_nemotron-3.5-lightning_dots96_slot056_attempt01_be3d02a5	12	fixed_denominator_short	ops/local-nemotron35-lightning-sglang/aiewf-medium-thinking-on-fillers-n30-20260812/artifacts/logs/slot056-dots96-attempt01.log
57	dots96	1	2026-08-12T17:27:43+00:00	2026-08-12T17:30:27+00:00	-15	runs/aiwf_medium_context/20260812T172743Z_nemotron-3.5-lightning_dots96_slot057_attempt01_db3d2a7f	1	fixed_denominator_short	ops/local-nemotron35-lightning-sglang/aiewf-medium-thinking-on-fillers-n30-20260812/artifacts/logs/slot057-dots96-attempt01.log
58	dashes96	1	2026-08-12T17:30:27+00:00	2026-08-12T17:33:49+00:00	-15	runs/aiwf_medium_context/20260812T173027Z_nemotron-3.5-lightning_dashes96_slot058_attempt01_b7ab4ea9	11	fixed_denominator_short	ops/local-nemotron35-lightning-sglang/aiewf-medium-thinking-on-fillers-n30-20260812/artifacts/logs/slot058-dashes96-attempt01.log
59	dashes96	1	2026-08-12T17:33:49+00:00	2026-08-12T17:37:20+00:00	-15	runs/aiwf_medium_context/20260812T173349Z_nemotron-3.5-lightning_dashes96_slot059_attempt01_7258f651	12	fixed_denominator_short	ops/local-nemotron35-lightning-sglang/aiewf-medium-thinking-on-fillers-n30-20260812/artifacts/logs/slot059-dashes96-attempt01.log
60	dots96	1	2026-08-12T17:37:20+00:00	2026-08-12T17:40:13+00:00	-15	runs/aiwf_medium_context/20260812T173720Z_nemotron-3.5-lightning_dots96_slot060_attempt01_7a1e80cd	3	fixed_denominator_short	ops/local-nemotron35-lightning-sglang/aiewf-medium-thinking-on-fillers-n30-20260812/artifacts/logs/slot060-dots96-attempt01.log
