ordinal	block	position	arm	arm_index	attempt	run_dir	run_rc	records	scripted_turns	request_verified	status	started_utc	finished_utc
1	1	1	low	1	1	runs/aiwf_medium_context/20260811T060735_muse-glimmer-30b_1a093d4a	130	28	25	1	incomplete	2026-08-11T13:07:33Z	2026-08-11T13:10:32Z
1	1	1	low	1	2	runs/aiwf_medium_context/20260811T061033_muse-glimmer-30b_ee91c2b5	130	0	0	1	incomplete	2026-08-11T13:10:32Z	2026-08-11T13:10:45Z
1	1	1	low	1	3	runs/aiwf_medium_context/20260811T061046_muse-glimmer-30b_4b9ed55b	130	0	0	1	incomplete	2026-08-11T13:10:45Z	2026-08-11T13:10:51Z
1	1	1	low	1	1	runs/aiwf_medium_context/20260811T061226_muse-glimmer-30b_9b6cd491	0	34	30	1	included	2026-08-11T13:12:25Z	2026-08-11T13:13:07Z
2	1	2	medium	1	1	runs/aiwf_medium_context/20260811T061308_muse-glimmer-30b_1ec34b13	0	35	30	1	included	2026-08-11T13:13:07Z	2026-08-11T13:14:01Z
3	1	3	xhigh	1	1	runs/aiwf_medium_context/20260811T061403_muse-glimmer-30b_81d91207	0	35	30	1	included	2026-08-11T13:14:01Z	2026-08-11T13:14:52Z
4	1	4	high	1	1	runs/aiwf_medium_context/20260811T061454_muse-glimmer-30b_c663de46	0	33	30	1	included	2026-08-11T13:14:52Z	2026-08-11T13:16:02Z
5	2	1	medium	2	1	runs/aiwf_medium_context/20260811T061603_muse-glimmer-30b_9ced2c18	0	35	30	1	included	2026-08-11T13:16:02Z	2026-08-11T13:16:56Z
6	2	2	high	2	1	runs/aiwf_medium_context/20260811T061658_muse-glimmer-30b_75d2d4ef	0	35	30	1	included	2026-08-11T13:16:56Z	2026-08-11T13:18:07Z
7	2	3	low	2	1	runs/aiwf_medium_context/20260811T061809_muse-glimmer-30b_b31916e5	0	33	30	1	included	2026-08-11T13:18:07Z	2026-08-11T13:18:49Z
8	2	4	xhigh	2	1	runs/aiwf_medium_context/20260811T061850_muse-glimmer-30b_4d8d5776	0	35	30	1	included	2026-08-11T13:18:49Z	2026-08-11T13:19:46Z
9	3	1	high	3	1	runs/aiwf_medium_context/20260811T061948_muse-glimmer-30b_f37570c8	0	35	30	1	included	2026-08-11T13:19:46Z	2026-08-11T13:21:03Z
10	3	2	xhigh	3	1	runs/aiwf_medium_context/20260811T062105_muse-glimmer-30b_122554a0	0	34	30	1	included	2026-08-11T13:21:03Z	2026-08-11T13:22:11Z
11	3	3	medium	3	1	runs/aiwf_medium_context/20260811T062212_muse-glimmer-30b_0470f4b8	0	34	30	1	included	2026-08-11T13:22:11Z	2026-08-11T13:23:05Z
12	3	4	low	3	1	runs/aiwf_medium_context/20260811T062306_muse-glimmer-30b_999317ae	0	32	30	1	included	2026-08-11T13:23:05Z	2026-08-11T13:23:49Z
13	4	1	xhigh	4	1	runs/aiwf_medium_context/20260811T062351_muse-glimmer-30b_6b1cca03	0	33	30	1	included	2026-08-11T13:23:49Z	2026-08-11T13:24:39Z
14	4	2	low	4	1	runs/aiwf_medium_context/20260811T062441_muse-glimmer-30b_fd09afe2	0	34	30	1	included	2026-08-11T13:24:39Z	2026-08-11T13:25:26Z
15	4	3	high	4	1	runs/aiwf_medium_context/20260811T062528_muse-glimmer-30b_eb8ee32c	0	35	30	1	included	2026-08-11T13:25:26Z	2026-08-11T13:26:27Z
16	4	4	medium	4	1	runs/aiwf_medium_context/20260811T062629_muse-glimmer-30b_8d4794e7	0	34	30	1	included	2026-08-11T13:26:27Z	2026-08-11T13:27:17Z
17	5	1	low	5	1	runs/aiwf_medium_context/20260811T062719_muse-glimmer-30b_aaee47cd	0	34	30	1	included	2026-08-11T13:27:17Z	2026-08-11T13:28:00Z
18	5	2	medium	5	1	runs/aiwf_medium_context/20260811T062801_muse-glimmer-30b_42658b48	0	36	30	1	included	2026-08-11T13:28:00Z	2026-08-11T13:28:54Z
19	5	3	xhigh	5	1	runs/aiwf_medium_context/20260811T062856_muse-glimmer-30b_06e3ea15	0	34	30	1	included	2026-08-11T13:28:54Z	2026-08-11T13:30:02Z
20	5	4	high	5	1	runs/aiwf_medium_context/20260811T063003_muse-glimmer-30b_210d3a8f	0	35	30	1	included	2026-08-11T13:30:02Z	2026-08-11T13:31:05Z
21	6	1	medium	6	1	runs/aiwf_medium_context/20260811T063106_muse-glimmer-30b_f5fb33dd	0	34	30	1	included	2026-08-11T13:31:05Z	2026-08-11T13:31:54Z
22	6	2	high	6	1	runs/aiwf_medium_context/20260811T063156_muse-glimmer-30b_08fd0f3e	0	34	30	1	included	2026-08-11T13:31:54Z	2026-08-11T13:33:03Z
23	6	3	low	6	1	runs/aiwf_medium_context/20260811T063305_muse-glimmer-30b_b54aaedb	0	34	30	1	included	2026-08-11T13:33:03Z	2026-08-11T13:33:48Z
24	6	4	xhigh	6	1	runs/aiwf_medium_context/20260811T063349_muse-glimmer-30b_e40419a7	0	33	30	1	included	2026-08-11T13:33:48Z	2026-08-11T13:34:39Z
25	7	1	high	7	1	runs/aiwf_medium_context/20260811T063440_muse-glimmer-30b_366cf9b9	0	35	30	1	included	2026-08-11T13:34:39Z	2026-08-11T13:35:49Z
26	7	2	xhigh	7	1	runs/aiwf_medium_context/20260811T063550_muse-glimmer-30b_2034f49e	0	34	30	1	included	2026-08-11T13:35:49Z	2026-08-11T13:36:35Z
27	7	3	medium	7	1	runs/aiwf_medium_context/20260811T063637_muse-glimmer-30b_c9ecf53a	0	34	30	1	included	2026-08-11T13:36:35Z	2026-08-11T13:37:34Z
28	7	4	low	7	1	runs/aiwf_medium_context/20260811T063736_muse-glimmer-30b_ce49a16d	0	34	30	1	included	2026-08-11T13:37:34Z	2026-08-11T13:38:20Z
29	8	1	xhigh	8	1	runs/aiwf_medium_context/20260811T063822_muse-glimmer-30b_241d77ed	0	34	30	1	included	2026-08-11T13:38:20Z	2026-08-11T13:39:15Z
30	8	2	low	8	1	runs/aiwf_medium_context/20260811T063916_muse-glimmer-30b_ca50cc04	0	33	30	1	included	2026-08-11T13:39:15Z	2026-08-11T13:39:57Z
31	8	3	high	8	1	runs/aiwf_medium_context/20260811T063959_muse-glimmer-30b_f63a7f11	0	35	30	1	included	2026-08-11T13:39:57Z	2026-08-11T13:41:18Z
32	8	4	medium	8	1	runs/aiwf_medium_context/20260811T064120_muse-glimmer-30b_d857f734	0	33	30	1	included	2026-08-11T13:41:18Z	2026-08-11T13:42:11Z
33	9	1	low	9	1	runs/aiwf_medium_context/20260811T064212_muse-glimmer-30b_0ce3b9fe	0	33	30	1	included	2026-08-11T13:42:11Z	2026-08-11T13:42:58Z
34	9	2	medium	9	1	runs/aiwf_medium_context/20260811T064300_muse-glimmer-30b_d6bfae79	0	35	30	1	included	2026-08-11T13:42:58Z	2026-08-11T13:43:56Z
35	9	3	xhigh	9	1	runs/aiwf_medium_context/20260811T064357_muse-glimmer-30b_82ed2995	0	33	30	1	included	2026-08-11T13:43:56Z	2026-08-11T13:44:52Z
36	9	4	high	9	1	runs/aiwf_medium_context/20260811T064454_muse-glimmer-30b_7f999bad	0	34	30	1	included	2026-08-11T13:44:52Z	2026-08-11T13:45:53Z
37	10	1	medium	10	1	runs/aiwf_medium_context/20260811T064555_muse-glimmer-30b_ad733d9e	0	35	30	1	included	2026-08-11T13:45:53Z	2026-08-11T13:46:46Z
38	10	2	high	10	1	runs/aiwf_medium_context/20260811T064648_muse-glimmer-30b_f3ef9be3	0	34	30	1	included	2026-08-11T13:46:46Z	2026-08-11T13:47:42Z
39	10	3	low	10	1	runs/aiwf_medium_context/20260811T064744_muse-glimmer-30b_bdcc6cb6	0	32	30	1	included	2026-08-11T13:47:42Z	2026-08-11T13:48:26Z
40	10	4	xhigh	10	1	runs/aiwf_medium_context/20260811T064828_muse-glimmer-30b_0af96e72	0	34	30	1	included	2026-08-11T13:48:26Z	2026-08-11T13:49:31Z
41	11	1	high	11	1	runs/aiwf_medium_context/20260811T064933_muse-glimmer-30b_cae71d22	0	34	30	1	included	2026-08-11T13:49:31Z	2026-08-11T13:50:30Z
42	11	2	xhigh	11	1	runs/aiwf_medium_context/20260811T065031_muse-glimmer-30b_a3ff155c	0	34	30	1	included	2026-08-11T13:50:30Z	2026-08-11T13:51:23Z
43	11	3	medium	11	1	runs/aiwf_medium_context/20260811T065124_muse-glimmer-30b_8d4284f9	0	35	30	1	included	2026-08-11T13:51:23Z	2026-08-11T13:52:09Z
44	11	4	low	11	1	runs/aiwf_medium_context/20260811T065211_muse-glimmer-30b_2f818568	0	34	30	1	included	2026-08-11T13:52:09Z	2026-08-11T13:52:49Z
45	12	1	xhigh	12	1	runs/aiwf_medium_context/20260811T065250_muse-glimmer-30b_e879ac3d	0	33	30	1	included	2026-08-11T13:52:49Z	2026-08-11T13:54:05Z
46	12	2	low	12	1	runs/aiwf_medium_context/20260811T065407_muse-glimmer-30b_368f3e59	0	34	30	1	included	2026-08-11T13:54:05Z	2026-08-11T13:54:46Z
47	12	3	high	12	1	runs/aiwf_medium_context/20260811T065447_muse-glimmer-30b_8b795ff9	0	34	30	1	included	2026-08-11T13:54:46Z	2026-08-11T13:55:56Z
48	12	4	medium	12	1	runs/aiwf_medium_context/20260811T065557_muse-glimmer-30b_bacb4557	0	34	30	1	included	2026-08-11T13:55:56Z	2026-08-11T13:56:54Z
49	13	1	low	13	1	runs/aiwf_medium_context/20260811T065655_muse-glimmer-30b_836bdeb1	0	35	30	1	included	2026-08-11T13:56:54Z	2026-08-11T13:57:33Z
50	13	2	medium	13	1	runs/aiwf_medium_context/20260811T065735_muse-glimmer-30b_fa96df8d	0	34	30	1	included	2026-08-11T13:57:33Z	2026-08-11T13:58:27Z
51	13	3	xhigh	13	1	runs/aiwf_medium_context/20260811T065828_muse-glimmer-30b_1e95e838	0	36	30	1	included	2026-08-11T13:58:27Z	2026-08-11T13:59:31Z
52	13	4	high	13	1	runs/aiwf_medium_context/20260811T065932_muse-glimmer-30b_73eba89a	0	36	30	1	included	2026-08-11T13:59:31Z	2026-08-11T14:00:45Z
53	14	1	medium	14	1	runs/aiwf_medium_context/20260811T070047_muse-glimmer-30b_1eec06ff	0	34	30	1	included	2026-08-11T14:00:45Z	2026-08-11T14:01:40Z
54	14	2	high	14	1	runs/aiwf_medium_context/20260811T070142_muse-glimmer-30b_61302b88	0	34	30	1	included	2026-08-11T14:01:40Z	2026-08-11T14:03:00Z
55	14	3	low	14	1	runs/aiwf_medium_context/20260811T070302_muse-glimmer-30b_ab5a71c1	0	35	30	1	included	2026-08-11T14:03:00Z	2026-08-11T14:03:42Z
56	14	4	xhigh	14	1	runs/aiwf_medium_context/20260811T070343_muse-glimmer-30b_8121b541	0	34	30	1	included	2026-08-11T14:03:42Z	2026-08-11T14:04:40Z
57	15	1	high	15	1	runs/aiwf_medium_context/20260811T070441_muse-glimmer-30b_afb38a80	0	33	30	1	included	2026-08-11T14:04:40Z	2026-08-11T14:05:50Z
58	15	2	xhigh	15	1	runs/aiwf_medium_context/20260811T070552_muse-glimmer-30b_480bcbfc	0	36	30	1	included	2026-08-11T14:05:50Z	2026-08-11T14:07:14Z
59	15	3	medium	15	1	runs/aiwf_medium_context/20260811T070716_muse-glimmer-30b_82acf85c	0	34	30	1	included	2026-08-11T14:07:14Z	2026-08-11T14:08:01Z
60	15	4	low	15	1	runs/aiwf_medium_context/20260811T070802_muse-glimmer-30b_17cd2111	0	35	30	1	included	2026-08-11T14:08:01Z	2026-08-11T14:08:49Z
61	16	1	xhigh	16	1	runs/aiwf_medium_context/20260811T070851_muse-glimmer-30b_9e30d730	0	34	30	1	included	2026-08-11T14:08:49Z	2026-08-11T14:09:53Z
62	16	2	low	16	1	runs/aiwf_medium_context/20260811T070955_muse-glimmer-30b_1aceb03c	0	33	30	1	included	2026-08-11T14:09:53Z	2026-08-11T14:10:32Z
63	16	3	high	16	1	runs/aiwf_medium_context/20260811T071034_muse-glimmer-30b_76bf6aea	0	34	30	1	included	2026-08-11T14:10:32Z	2026-08-11T14:11:28Z
64	16	4	medium	16	1	runs/aiwf_medium_context/20260811T071130_muse-glimmer-30b_dd8e9691	0	34	30	1	included	2026-08-11T14:11:28Z	2026-08-11T14:12:17Z
65	17	1	low	17	1	runs/aiwf_medium_context/20260811T071219_muse-glimmer-30b_1e948dfd	0	34	30	1	included	2026-08-11T14:12:17Z	2026-08-11T14:13:04Z
66	17	2	medium	17	1	runs/aiwf_medium_context/20260811T071305_muse-glimmer-30b_49671513	0	34	30	1	included	2026-08-11T14:13:04Z	2026-08-11T14:13:54Z
67	17	3	xhigh	17	1	runs/aiwf_medium_context/20260811T071355_muse-glimmer-30b_b4598c61	0	36	30	1	included	2026-08-11T14:13:54Z	2026-08-11T14:14:56Z
68	17	4	high	17	1	runs/aiwf_medium_context/20260811T071457_muse-glimmer-30b_27de8b4a	0	34	30	1	included	2026-08-11T14:14:56Z	2026-08-11T14:16:06Z
69	18	1	medium	18	1	runs/aiwf_medium_context/20260811T071607_muse-glimmer-30b_11e79d71	0	34	30	1	included	2026-08-11T14:16:06Z	2026-08-11T14:17:13Z
70	18	2	high	18	1	runs/aiwf_medium_context/20260811T071715_muse-glimmer-30b_d82cfb39	0	33	30	1	included	2026-08-11T14:17:13Z	2026-08-11T14:18:17Z
71	18	3	low	18	1	runs/aiwf_medium_context/20260811T071818_muse-glimmer-30b_9850882e	0	34	30	1	included	2026-08-11T14:18:17Z	2026-08-11T14:19:09Z
72	18	4	xhigh	18	1	runs/aiwf_medium_context/20260811T071910_muse-glimmer-30b_476f4760	0	35	30	1	included	2026-08-11T14:19:09Z	2026-08-11T14:20:27Z
73	19	1	high	19	1	runs/aiwf_medium_context/20260811T072029_muse-glimmer-30b_22299983	0	35	30	1	included	2026-08-11T14:20:27Z	2026-08-11T14:21:25Z
74	19	2	xhigh	19	1	runs/aiwf_medium_context/20260811T072127_muse-glimmer-30b_0c8eae79	0	35	30	1	included	2026-08-11T14:21:25Z	2026-08-11T14:22:28Z
75	19	3	medium	19	1	runs/aiwf_medium_context/20260811T072230_muse-glimmer-30b_a0ec49a8	0	32	30	1	included	2026-08-11T14:22:28Z	2026-08-11T14:23:27Z
76	19	4	low	19	1	runs/aiwf_medium_context/20260811T072328_muse-glimmer-30b_1766ecd1	0	34	30	1	included	2026-08-11T14:23:27Z	2026-08-11T14:24:08Z
77	20	1	xhigh	20	1	runs/aiwf_medium_context/20260811T072410_muse-glimmer-30b_0ac83533	0	33	30	1	included	2026-08-11T14:24:08Z	2026-08-11T14:24:59Z
78	20	2	low	20	1	runs/aiwf_medium_context/20260811T072500_muse-glimmer-30b_462b1551	0	33	30	1	included	2026-08-11T14:24:59Z	2026-08-11T14:25:42Z
79	20	3	high	20	1	runs/aiwf_medium_context/20260811T072543_muse-glimmer-30b_47be725a	0	34	30	1	included	2026-08-11T14:25:42Z	2026-08-11T14:26:42Z
80	20	4	medium	20	1	runs/aiwf_medium_context/20260811T072643_muse-glimmer-30b_75d9758d	0	35	30	1	included	2026-08-11T14:26:42Z	2026-08-11T14:27:55Z
81	21	1	low	21	1	runs/aiwf_medium_context/20260811T072756_muse-glimmer-30b_5c99203e	0	34	30	1	included	2026-08-11T14:27:55Z	2026-08-11T14:28:30Z
82	21	2	medium	21	1	runs/aiwf_medium_context/20260811T072832_muse-glimmer-30b_c80ac78a	0	35	30	1	included	2026-08-11T14:28:30Z	2026-08-11T14:29:26Z
83	21	3	xhigh	21	1	runs/aiwf_medium_context/20260811T072927_muse-glimmer-30b_48daf8d4	0	33	30	1	included	2026-08-11T14:29:26Z	2026-08-11T14:30:24Z
84	21	4	high	21	1	runs/aiwf_medium_context/20260811T073026_muse-glimmer-30b_9b0fda47	0	33	30	1	included	2026-08-11T14:30:24Z	2026-08-11T14:31:23Z
85	22	1	medium	22	1	runs/aiwf_medium_context/20260811T073124_muse-glimmer-30b_b0f70eb0	0	34	30	1	included	2026-08-11T14:31:23Z	2026-08-11T14:32:09Z
86	22	2	high	22	1	runs/aiwf_medium_context/20260811T073210_muse-glimmer-30b_970e51e6	0	34	30	1	included	2026-08-11T14:32:09Z	2026-08-11T14:33:07Z
87	22	3	low	22	1	runs/aiwf_medium_context/20260811T073309_muse-glimmer-30b_898506ea	0	34	30	1	included	2026-08-11T14:33:07Z	2026-08-11T14:33:49Z
88	22	4	xhigh	22	1	runs/aiwf_medium_context/20260811T073351_muse-glimmer-30b_3c83f090	0	34	30	1	included	2026-08-11T14:33:49Z	2026-08-11T14:34:50Z
89	23	1	high	23	1	runs/aiwf_medium_context/20260811T073452_muse-glimmer-30b_fc79ed13	0	34	30	1	included	2026-08-11T14:34:50Z	2026-08-11T14:35:43Z
90	23	2	xhigh	23	1	runs/aiwf_medium_context/20260811T073545_muse-glimmer-30b_0bded22f	0	35	30	1	included	2026-08-11T14:35:43Z	2026-08-11T14:36:55Z
91	23	3	medium	23	1	runs/aiwf_medium_context/20260811T073656_muse-glimmer-30b_12f37550	0	34	30	1	included	2026-08-11T14:36:55Z	2026-08-11T14:38:03Z
92	23	4	low	23	1	runs/aiwf_medium_context/20260811T073804_muse-glimmer-30b_d3a37e08	0	35	30	1	included	2026-08-11T14:38:03Z	2026-08-11T14:38:49Z
93	24	1	xhigh	24	1	runs/aiwf_medium_context/20260811T073851_muse-glimmer-30b_b3c56d04	0	34	30	1	included	2026-08-11T14:38:49Z	2026-08-11T14:39:59Z
94	24	2	low	24	1	runs/aiwf_medium_context/20260811T074000_muse-glimmer-30b_84f4a51c	0	35	30	1	included	2026-08-11T14:39:59Z	2026-08-11T14:40:40Z
95	24	3	high	24	1	runs/aiwf_medium_context/20260811T074041_muse-glimmer-30b_1bc14c10	0	36	30	1	included	2026-08-11T14:40:40Z	2026-08-11T14:41:34Z
96	24	4	medium	24	1	runs/aiwf_medium_context/20260811T074136_muse-glimmer-30b_a61f3c04	0	34	30	1	included	2026-08-11T14:41:34Z	2026-08-11T14:42:33Z
97	25	1	low	25	1	runs/aiwf_medium_context/20260811T074234_muse-glimmer-30b_2e016f12	0	34	30	1	included	2026-08-11T14:42:33Z	2026-08-11T14:43:15Z
98	25	2	medium	25	1	runs/aiwf_medium_context/20260811T074317_muse-glimmer-30b_20c11e52	0	34	30	1	included	2026-08-11T14:43:15Z	2026-08-11T14:44:12Z
99	25	3	xhigh	25	1	runs/aiwf_medium_context/20260811T074414_muse-glimmer-30b_b673b4c9	0	35	30	1	included	2026-08-11T14:44:12Z	2026-08-11T14:45:23Z
100	25	4	high	25	1	runs/aiwf_medium_context/20260811T074524_muse-glimmer-30b_79a58755	0	35	30	1	included	2026-08-11T14:45:23Z	2026-08-11T14:46:34Z
101	26	1	medium	26	1	runs/aiwf_medium_context/20260811T074636_muse-glimmer-30b_47c75299	0	34	30	1	included	2026-08-11T14:46:34Z	2026-08-11T14:47:33Z
102	26	2	high	26	1	runs/aiwf_medium_context/20260811T074734_muse-glimmer-30b_11116584	0	34	30	1	included	2026-08-11T14:47:33Z	2026-08-11T14:48:21Z
103	26	3	low	26	1	runs/aiwf_medium_context/20260811T074823_muse-glimmer-30b_bb7cf854	0	34	30	1	included	2026-08-11T14:48:21Z	2026-08-11T14:49:14Z
104	26	4	xhigh	26	1	runs/aiwf_medium_context/20260811T074916_muse-glimmer-30b_7cee964e	0	36	30	1	included	2026-08-11T14:49:14Z	2026-08-11T14:50:16Z
105	27	1	high	27	1	runs/aiwf_medium_context/20260811T075018_muse-glimmer-30b_a847cacc	0	34	30	1	included	2026-08-11T14:50:16Z	2026-08-11T14:51:03Z
106	27	2	xhigh	27	1	runs/aiwf_medium_context/20260811T075105_muse-glimmer-30b_67d25bdb	0	34	30	1	included	2026-08-11T14:51:03Z	2026-08-11T14:51:59Z
107	27	3	medium	27	1	runs/aiwf_medium_context/20260811T075200_muse-glimmer-30b_ec199d61	0	33	30	1	included	2026-08-11T14:51:59Z	2026-08-11T14:52:52Z
108	27	4	low	27	1	runs/aiwf_medium_context/20260811T075254_muse-glimmer-30b_b8ec2300	0	34	30	1	included	2026-08-11T14:52:52Z	2026-08-11T14:53:34Z
109	28	1	xhigh	28	1	runs/aiwf_medium_context/20260811T075335_muse-glimmer-30b_deec2fe2	0	34	30	1	included	2026-08-11T14:53:34Z	2026-08-11T14:54:53Z
110	28	2	low	28	1	runs/aiwf_medium_context/20260811T075455_muse-glimmer-30b_3be7b555	0	35	30	1	included	2026-08-11T14:54:53Z	2026-08-11T14:55:37Z
111	28	3	high	28	1	runs/aiwf_medium_context/20260811T075539_muse-glimmer-30b_ed160f7b	0	33	30	1	included	2026-08-11T14:55:37Z	2026-08-11T14:56:36Z
112	28	4	medium	28	1	runs/aiwf_medium_context/20260811T075638_muse-glimmer-30b_8e4cea0e	0	35	30	1	included	2026-08-11T14:56:36Z	2026-08-11T14:57:38Z
113	29	1	low	29	1	runs/aiwf_medium_context/20260811T075739_muse-glimmer-30b_f67cc8f1	0	34	30	1	included	2026-08-11T14:57:38Z	2026-08-11T14:58:18Z
114	29	2	medium	29	1	runs/aiwf_medium_context/20260811T075819_muse-glimmer-30b_5428fdfc	0	34	30	1	included	2026-08-11T14:58:18Z	2026-08-11T14:59:10Z
115	29	3	xhigh	29	1	runs/aiwf_medium_context/20260811T075911_muse-glimmer-30b_53f42ea2	0	35	30	1	included	2026-08-11T14:59:10Z	2026-08-11T15:00:14Z
116	29	4	high	29	1	runs/aiwf_medium_context/20260811T080016_muse-glimmer-30b_e835345d	0	34	30	1	included	2026-08-11T15:00:14Z	2026-08-11T15:01:26Z
117	30	1	medium	30	1	runs/aiwf_medium_context/20260811T080127_muse-glimmer-30b_9965b7db	0	34	30	1	included	2026-08-11T15:01:26Z	2026-08-11T15:02:34Z
118	30	2	high	30	1	runs/aiwf_medium_context/20260811T080236_muse-glimmer-30b_2435fffc	0	35	30	1	included	2026-08-11T15:02:34Z	2026-08-11T15:03:47Z
119	30	3	low	30	1	runs/aiwf_medium_context/20260811T080349_muse-glimmer-30b_8ae62108	0	34	30	1	included	2026-08-11T15:03:47Z	2026-08-11T15:04:26Z
120	30	4	xhigh	30	1	runs/aiwf_medium_context/20260811T080428_muse-glimmer-30b_d94030b0	0	34	30	1	included	2026-08-11T15:04:26Z	2026-08-11T15:05:28Z
