ordinal	arm	arm_index	run_dir	judge_rc	strict_pass	turns_scored	started_utc	finished_utc
1	low	1	runs/aiwf_medium_context/20260811T061226_muse-glimmer-30b_9b6cd491	0	26	30	2026-08-11T15:10:23Z	2026-08-11T15:10:23Z
2	medium	1	runs/aiwf_medium_context/20260811T061308_muse-glimmer-30b_1ec34b13	0	25	30	2026-08-11T15:10:23Z	2026-08-11T15:12:01Z
3	xhigh	1	runs/aiwf_medium_context/20260811T061403_muse-glimmer-30b_81d91207	0	25	30	2026-08-11T15:10:23Z	2026-08-11T15:12:12Z
4	high	1	runs/aiwf_medium_context/20260811T061454_muse-glimmer-30b_c663de46	0	27	30	2026-08-11T15:10:23Z	2026-08-11T15:12:04Z
5	medium	2	runs/aiwf_medium_context/20260811T061603_muse-glimmer-30b_9ced2c18	0	25	30	2026-08-11T15:10:23Z	2026-08-11T15:11:45Z
6	high	2	runs/aiwf_medium_context/20260811T061658_muse-glimmer-30b_75d2d4ef	0	25	30	2026-08-11T15:11:45Z	2026-08-11T15:13:09Z
7	low	2	runs/aiwf_medium_context/20260811T061809_muse-glimmer-30b_b31916e5	0	27	30	2026-08-11T15:12:01Z	2026-08-11T15:13:15Z
8	xhigh	2	runs/aiwf_medium_context/20260811T061850_muse-glimmer-30b_4d8d5776	0	25	30	2026-08-11T15:12:04Z	2026-08-11T15:13:41Z
9	high	3	runs/aiwf_medium_context/20260811T061948_muse-glimmer-30b_f37570c8	0	25	30	2026-08-11T15:12:12Z	2026-08-11T15:13:32Z
10	xhigh	3	runs/aiwf_medium_context/20260811T062105_muse-glimmer-30b_122554a0	0	26	30	2026-08-11T15:13:09Z	2026-08-11T15:15:35Z
11	medium	3	runs/aiwf_medium_context/20260811T062212_muse-glimmer-30b_0470f4b8	0	26	30	2026-08-11T15:13:15Z	2026-08-11T15:14:53Z
12	low	3	runs/aiwf_medium_context/20260811T062306_muse-glimmer-30b_999317ae	0	28	30	2026-08-11T15:13:32Z	2026-08-11T15:15:13Z
13	xhigh	4	runs/aiwf_medium_context/20260811T062351_muse-glimmer-30b_6b1cca03	0	27	30	2026-08-11T15:13:41Z	2026-08-11T15:15:29Z
14	low	4	runs/aiwf_medium_context/20260811T062441_muse-glimmer-30b_fd09afe2	0	26	30	2026-08-11T15:14:53Z	2026-08-11T15:16:23Z
15	high	4	runs/aiwf_medium_context/20260811T062528_muse-glimmer-30b_eb8ee32c	0	24	30	2026-08-11T15:15:13Z	2026-08-11T15:16:42Z
16	medium	4	runs/aiwf_medium_context/20260811T062629_muse-glimmer-30b_8d4794e7	0	26	30	2026-08-11T15:15:29Z	2026-08-11T15:16:52Z
17	low	5	runs/aiwf_medium_context/20260811T062719_muse-glimmer-30b_aaee47cd	0	26	30	2026-08-11T15:15:35Z	2026-08-11T15:16:56Z
18	medium	5	runs/aiwf_medium_context/20260811T062801_muse-glimmer-30b_42658b48	0	24	30	2026-08-11T15:16:23Z	2026-08-11T15:17:50Z
19	xhigh	5	runs/aiwf_medium_context/20260811T062856_muse-glimmer-30b_06e3ea15	0	26	30	2026-08-11T15:16:42Z	2026-08-11T15:18:07Z
20	high	5	runs/aiwf_medium_context/20260811T063003_muse-glimmer-30b_210d3a8f	0	24	30	2026-08-11T15:16:52Z	2026-08-11T15:18:13Z
21	medium	6	runs/aiwf_medium_context/20260811T063106_muse-glimmer-30b_f5fb33dd	0	26	30	2026-08-11T15:16:56Z	2026-08-11T15:18:19Z
22	high	6	runs/aiwf_medium_context/20260811T063156_muse-glimmer-30b_08fd0f3e	0	26	30	2026-08-11T15:17:50Z	2026-08-11T15:19:18Z
23	low	6	runs/aiwf_medium_context/20260811T063305_muse-glimmer-30b_b54aaedb	0	26	30	2026-08-11T15:18:07Z	2026-08-11T15:19:23Z
24	xhigh	6	runs/aiwf_medium_context/20260811T063349_muse-glimmer-30b_e40419a7	0	27	30	2026-08-11T15:18:13Z	2026-08-11T15:19:29Z
25	high	7	runs/aiwf_medium_context/20260811T063440_muse-glimmer-30b_366cf9b9	0	25	30	2026-08-11T15:18:19Z	2026-08-11T15:19:28Z
26	xhigh	7	runs/aiwf_medium_context/20260811T063550_muse-glimmer-30b_2034f49e	0	26	30	2026-08-11T15:19:18Z	2026-08-11T15:20:53Z
27	medium	7	runs/aiwf_medium_context/20260811T063637_muse-glimmer-30b_c9ecf53a	0	26	30	2026-08-11T15:19:23Z	2026-08-11T15:20:40Z
28	low	7	runs/aiwf_medium_context/20260811T063736_muse-glimmer-30b_ce49a16d	0	25	30	2026-08-11T15:19:28Z	2026-08-11T15:20:57Z
29	xhigh	8	runs/aiwf_medium_context/20260811T063822_muse-glimmer-30b_241d77ed	0	26	30	2026-08-11T15:19:29Z	2026-08-11T15:21:16Z
30	low	8	runs/aiwf_medium_context/20260811T063916_muse-glimmer-30b_ca50cc04	0	27	30	2026-08-11T15:20:40Z	2026-08-11T15:21:58Z
31	high	8	runs/aiwf_medium_context/20260811T063959_muse-glimmer-30b_f63a7f11	0	25	30	2026-08-11T15:20:53Z	2026-08-11T15:22:08Z
32	medium	8	runs/aiwf_medium_context/20260811T064120_muse-glimmer-30b_d857f734	0	27	30	2026-08-11T15:20:57Z	2026-08-11T15:22:25Z
33	low	9	runs/aiwf_medium_context/20260811T064212_muse-glimmer-30b_0ce3b9fe	0	26	30	2026-08-11T15:21:16Z	2026-08-11T15:22:37Z
34	medium	9	runs/aiwf_medium_context/20260811T064300_muse-glimmer-30b_d6bfae79	0	25	30	2026-08-11T15:21:58Z	2026-08-11T15:23:47Z
35	xhigh	9	runs/aiwf_medium_context/20260811T064357_muse-glimmer-30b_82ed2995	0	27	30	2026-08-11T15:22:08Z	2026-08-11T15:23:33Z
36	high	9	runs/aiwf_medium_context/20260811T064454_muse-glimmer-30b_7f999bad	0	26	30	2026-08-11T15:22:25Z	2026-08-11T15:23:56Z
37	medium	10	runs/aiwf_medium_context/20260811T064555_muse-glimmer-30b_ad733d9e	0	25	30	2026-08-11T15:22:37Z	2026-08-11T15:23:51Z
38	high	10	runs/aiwf_medium_context/20260811T064648_muse-glimmer-30b_f3ef9be3	0	26	30	2026-08-11T15:23:33Z	2026-08-11T15:24:39Z
39	low	10	runs/aiwf_medium_context/20260811T064744_muse-glimmer-30b_bdcc6cb6	0	28	30	2026-08-11T15:23:47Z	2026-08-11T15:25:19Z
40	xhigh	10	runs/aiwf_medium_context/20260811T064828_muse-glimmer-30b_0af96e72	0	26	30	2026-08-11T15:23:51Z	2026-08-11T15:25:13Z
41	high	11	runs/aiwf_medium_context/20260811T064933_muse-glimmer-30b_cae71d22	0	26	30	2026-08-11T15:23:56Z	2026-08-11T15:25:14Z
42	xhigh	11	runs/aiwf_medium_context/20260811T065031_muse-glimmer-30b_a3ff155c	0	26	30	2026-08-11T15:24:39Z	2026-08-11T15:26:22Z
43	medium	11	runs/aiwf_medium_context/20260811T065124_muse-glimmer-30b_8d4284f9	0	25	30	2026-08-11T15:25:13Z	2026-08-11T15:26:53Z
44	low	11	runs/aiwf_medium_context/20260811T065211_muse-glimmer-30b_2f818568	0	26	30	2026-08-11T15:25:14Z	2026-08-11T15:26:28Z
45	xhigh	12	runs/aiwf_medium_context/20260811T065250_muse-glimmer-30b_e879ac3d	0	26	30	2026-08-11T15:25:19Z	2026-08-11T15:26:39Z
46	low	12	runs/aiwf_medium_context/20260811T065407_muse-glimmer-30b_368f3e59	0	26	30	2026-08-11T15:26:22Z	2026-08-11T15:27:35Z
47	high	12	runs/aiwf_medium_context/20260811T065447_muse-glimmer-30b_8b795ff9	0	26	30	2026-08-11T15:26:28Z	2026-08-11T15:27:51Z
48	medium	12	runs/aiwf_medium_context/20260811T065557_muse-glimmer-30b_bacb4557	0	26	30	2026-08-11T15:26:39Z	2026-08-11T15:27:52Z
49	low	13	runs/aiwf_medium_context/20260811T065655_muse-glimmer-30b_836bdeb1	0	25	30	2026-08-11T15:26:53Z	2026-08-11T15:28:18Z
50	medium	13	runs/aiwf_medium_context/20260811T065735_muse-glimmer-30b_fa96df8d	0	26	30	2026-08-11T15:27:35Z	2026-08-11T15:28:38Z
51	xhigh	13	runs/aiwf_medium_context/20260811T065828_muse-glimmer-30b_1e95e838	0	23	30	2026-08-11T15:27:51Z	2026-08-11T15:29:16Z
52	high	13	runs/aiwf_medium_context/20260811T065932_muse-glimmer-30b_73eba89a	0	23	30	2026-08-11T15:27:52Z	2026-08-11T15:29:12Z
53	medium	14	runs/aiwf_medium_context/20260811T070047_muse-glimmer-30b_1eec06ff	0	26	30	2026-08-11T15:28:18Z	2026-08-11T15:29:48Z
54	high	14	runs/aiwf_medium_context/20260811T070142_muse-glimmer-30b_61302b88	0	26	30	2026-08-11T15:28:38Z	2026-08-11T15:29:54Z
55	low	14	runs/aiwf_medium_context/20260811T070302_muse-glimmer-30b_ab5a71c1	0	25	30	2026-08-11T15:29:12Z	2026-08-11T15:30:23Z
56	xhigh	14	runs/aiwf_medium_context/20260811T070343_muse-glimmer-30b_8121b541	0	26	30	2026-08-11T15:29:16Z	2026-08-11T15:30:37Z
57	high	15	runs/aiwf_medium_context/20260811T070441_muse-glimmer-30b_afb38a80	0	27	30	2026-08-11T15:29:48Z	2026-08-11T15:31:28Z
58	xhigh	15	runs/aiwf_medium_context/20260811T070552_muse-glimmer-30b_480bcbfc	0	23	30	2026-08-11T15:29:54Z	2026-08-11T15:31:37Z
59	medium	15	runs/aiwf_medium_context/20260811T070716_muse-glimmer-30b_82acf85c	0	26	30	2026-08-11T15:30:23Z	2026-08-11T15:31:34Z
60	low	15	runs/aiwf_medium_context/20260811T070802_muse-glimmer-30b_17cd2111	0	24	30	2026-08-11T15:30:37Z	2026-08-11T15:31:48Z
61	xhigh	16	runs/aiwf_medium_context/20260811T070851_muse-glimmer-30b_9e30d730	0	26	30	2026-08-11T15:31:28Z	2026-08-11T15:33:39Z
62	low	16	runs/aiwf_medium_context/20260811T070955_muse-glimmer-30b_1aceb03c	0	27	30	2026-08-11T15:31:34Z	2026-08-11T15:32:49Z
63	high	16	runs/aiwf_medium_context/20260811T071034_muse-glimmer-30b_76bf6aea	0	26	30	2026-08-11T15:31:37Z	2026-08-11T15:32:51Z
64	medium	16	runs/aiwf_medium_context/20260811T071130_muse-glimmer-30b_dd8e9691	0	26	30	2026-08-11T15:31:48Z	2026-08-11T15:33:23Z
65	low	17	runs/aiwf_medium_context/20260811T071219_muse-glimmer-30b_1e948dfd	0	25	30	2026-08-11T15:32:49Z	2026-08-11T15:34:00Z
66	medium	17	runs/aiwf_medium_context/20260811T071305_muse-glimmer-30b_49671513	0	26	30	2026-08-11T15:32:51Z	2026-08-11T15:34:06Z
67	xhigh	17	runs/aiwf_medium_context/20260811T071355_muse-glimmer-30b_b4598c61	0	24	30	2026-08-11T15:33:23Z	2026-08-11T15:34:40Z
68	high	17	runs/aiwf_medium_context/20260811T071457_muse-glimmer-30b_27de8b4a	0	26	30	2026-08-11T15:33:39Z	2026-08-11T15:35:19Z
69	medium	18	runs/aiwf_medium_context/20260811T071607_muse-glimmer-30b_11e79d71	0	26	30	2026-08-11T15:34:00Z	2026-08-11T15:35:22Z
70	high	18	runs/aiwf_medium_context/20260811T071715_muse-glimmer-30b_d82cfb39	0	27	30	2026-08-11T15:34:06Z	2026-08-11T15:35:21Z
71	low	18	runs/aiwf_medium_context/20260811T071818_muse-glimmer-30b_9850882e	0	26	30	2026-08-11T15:34:40Z	2026-08-11T15:36:17Z
72	xhigh	18	runs/aiwf_medium_context/20260811T071910_muse-glimmer-30b_476f4760	0	24	30	2026-08-11T15:35:19Z	2026-08-11T15:37:57Z
73	high	19	runs/aiwf_medium_context/20260811T072029_muse-glimmer-30b_22299983	0	24	30	2026-08-11T15:35:21Z	2026-08-11T15:37:12Z
74	xhigh	19	runs/aiwf_medium_context/20260811T072127_muse-glimmer-30b_0c8eae79	0	25	30	2026-08-11T15:35:22Z	2026-08-11T15:37:48Z
75	medium	19	runs/aiwf_medium_context/20260811T072230_muse-glimmer-30b_a0ec49a8	0	24	30	2026-08-11T15:36:17Z	2026-08-11T15:37:31Z
76	low	19	runs/aiwf_medium_context/20260811T072328_muse-glimmer-30b_1766ecd1	0	26	30	2026-08-11T15:37:12Z	2026-08-11T15:38:51Z
77	xhigh	20	runs/aiwf_medium_context/20260811T072410_muse-glimmer-30b_0ac83533	0	27	30	2026-08-11T15:37:31Z	2026-08-11T15:39:06Z
78	low	20	runs/aiwf_medium_context/20260811T072500_muse-glimmer-30b_462b1551	0	27	30	2026-08-11T15:37:48Z	2026-08-11T15:39:12Z
79	high	20	runs/aiwf_medium_context/20260811T072543_muse-glimmer-30b_47be725a	0	26	30	2026-08-11T15:37:57Z	2026-08-11T15:39:23Z
80	medium	20	runs/aiwf_medium_context/20260811T072643_muse-glimmer-30b_75d9758d	0	25	30	2026-08-11T15:38:51Z	2026-08-11T15:40:59Z
81	low	21	runs/aiwf_medium_context/20260811T072756_muse-glimmer-30b_5c99203e	0	26	30	2026-08-11T15:39:06Z	2026-08-11T15:40:41Z
82	medium	21	runs/aiwf_medium_context/20260811T072832_muse-glimmer-30b_c80ac78a	0	25	30	2026-08-11T15:39:12Z	2026-08-11T15:40:18Z
83	xhigh	21	runs/aiwf_medium_context/20260811T072927_muse-glimmer-30b_48daf8d4	0	27	30	2026-08-11T15:39:23Z	2026-08-11T15:40:46Z
84	high	21	runs/aiwf_medium_context/20260811T073026_muse-glimmer-30b_9b0fda47	0	27	30	2026-08-11T15:40:18Z	2026-08-11T15:41:58Z
85	medium	22	runs/aiwf_medium_context/20260811T073124_muse-glimmer-30b_b0f70eb0	0	26	30	2026-08-11T15:40:41Z	2026-08-11T15:41:53Z
86	high	22	runs/aiwf_medium_context/20260811T073210_muse-glimmer-30b_970e51e6	0	26	30	2026-08-11T15:40:46Z	2026-08-11T15:42:00Z
87	low	22	runs/aiwf_medium_context/20260811T073309_muse-glimmer-30b_898506ea	0	26	30	2026-08-11T15:40:59Z	2026-08-11T15:42:58Z
88	xhigh	22	runs/aiwf_medium_context/20260811T073351_muse-glimmer-30b_3c83f090	0	26	30	2026-08-11T15:41:53Z	2026-08-11T15:43:07Z
89	high	23	runs/aiwf_medium_context/20260811T073452_muse-glimmer-30b_fc79ed13	0	26	30	2026-08-11T15:41:58Z	2026-08-11T15:43:40Z
90	xhigh	23	runs/aiwf_medium_context/20260811T073545_muse-glimmer-30b_0bded22f	0	25	30	2026-08-11T15:42:00Z	2026-08-11T15:43:20Z
91	medium	23	runs/aiwf_medium_context/20260811T073656_muse-glimmer-30b_12f37550	0	26	30	2026-08-11T15:42:58Z	2026-08-11T15:44:37Z
92	low	23	runs/aiwf_medium_context/20260811T073804_muse-glimmer-30b_d3a37e08	0	25	30	2026-08-11T15:43:07Z	2026-08-11T15:44:44Z
93	xhigh	24	runs/aiwf_medium_context/20260811T073851_muse-glimmer-30b_b3c56d04	0	26	30	2026-08-11T15:43:20Z	2026-08-11T15:45:07Z
94	low	24	runs/aiwf_medium_context/20260811T074000_muse-glimmer-30b_84f4a51c	0	25	30	2026-08-11T15:43:40Z	2026-08-11T15:45:15Z
95	high	24	runs/aiwf_medium_context/20260811T074041_muse-glimmer-30b_1bc14c10	0	24	30	2026-08-11T15:44:37Z	2026-08-11T15:45:55Z
96	medium	24	runs/aiwf_medium_context/20260811T074136_muse-glimmer-30b_a61f3c04	0	26	30	2026-08-11T15:44:44Z	2026-08-11T15:46:22Z
97	low	25	runs/aiwf_medium_context/20260811T074234_muse-glimmer-30b_2e016f12	0	26	30	2026-08-11T15:45:07Z	2026-08-11T15:46:14Z
98	medium	25	runs/aiwf_medium_context/20260811T074317_muse-glimmer-30b_20c11e52	0	25	30	2026-08-11T15:45:15Z	2026-08-11T15:47:04Z
99	xhigh	25	runs/aiwf_medium_context/20260811T074414_muse-glimmer-30b_b673b4c9	0	24	30	2026-08-11T15:45:55Z	2026-08-11T15:47:24Z
100	high	25	runs/aiwf_medium_context/20260811T074524_muse-glimmer-30b_79a58755	0	25	30	2026-08-11T15:46:14Z	2026-08-11T15:47:34Z
101	medium	26	runs/aiwf_medium_context/20260811T074636_muse-glimmer-30b_47c75299	0	26	30	2026-08-11T15:46:22Z	2026-08-11T15:47:44Z
102	high	26	runs/aiwf_medium_context/20260811T074734_muse-glimmer-30b_11116584	0	26	30	2026-08-11T15:47:04Z	2026-08-11T15:48:21Z
103	low	26	runs/aiwf_medium_context/20260811T074823_muse-glimmer-30b_bb7cf854	0	26	30	2026-08-11T15:47:24Z	2026-08-11T15:48:54Z
104	xhigh	26	runs/aiwf_medium_context/20260811T074916_muse-glimmer-30b_7cee964e	0	24	30	2026-08-11T15:47:34Z	2026-08-11T15:49:09Z
105	high	27	runs/aiwf_medium_context/20260811T075018_muse-glimmer-30b_a847cacc	0	26	30	2026-08-11T15:47:44Z	2026-08-11T15:49:21Z
106	xhigh	27	runs/aiwf_medium_context/20260811T075105_muse-glimmer-30b_67d25bdb	0	25	30	2026-08-11T15:48:21Z	2026-08-11T15:49:40Z
107	medium	27	runs/aiwf_medium_context/20260811T075200_muse-glimmer-30b_ec199d61	0	27	30	2026-08-11T15:48:54Z	2026-08-11T15:50:21Z
108	low	27	runs/aiwf_medium_context/20260811T075254_muse-glimmer-30b_b8ec2300	0	25	30	2026-08-11T15:49:09Z	2026-08-11T15:51:03Z
109	xhigh	28	runs/aiwf_medium_context/20260811T075335_muse-glimmer-30b_deec2fe2	0	26	30	2026-08-11T15:49:21Z	2026-08-11T15:50:56Z
110	low	28	runs/aiwf_medium_context/20260811T075455_muse-glimmer-30b_3be7b555	0	25	30	2026-08-11T15:49:40Z	2026-08-11T15:51:22Z
111	high	28	runs/aiwf_medium_context/20260811T075539_muse-glimmer-30b_ed160f7b	0	26	30	2026-08-11T15:50:21Z	2026-08-11T15:52:28Z
112	medium	28	runs/aiwf_medium_context/20260811T075638_muse-glimmer-30b_8e4cea0e	0	25	30	2026-08-11T15:50:56Z	2026-08-11T15:53:04Z
113	low	29	runs/aiwf_medium_context/20260811T075739_muse-glimmer-30b_f67cc8f1	0	23	30	2026-08-11T15:51:03Z	2026-08-11T15:52:48Z
114	medium	29	runs/aiwf_medium_context/20260811T075819_muse-glimmer-30b_5428fdfc	0	26	30	2026-08-11T15:51:22Z	2026-08-11T15:52:45Z
115	xhigh	29	runs/aiwf_medium_context/20260811T075911_muse-glimmer-30b_53f42ea2	0	24	30	2026-08-11T15:52:29Z	2026-08-11T15:53:47Z
116	high	29	runs/aiwf_medium_context/20260811T080016_muse-glimmer-30b_e835345d	0	25	30	2026-08-11T15:52:45Z	2026-08-11T15:54:37Z
117	medium	30	runs/aiwf_medium_context/20260811T080127_muse-glimmer-30b_9965b7db	0	26	30	2026-08-11T15:52:48Z	2026-08-11T15:54:28Z
118	high	30	runs/aiwf_medium_context/20260811T080236_muse-glimmer-30b_2435fffc	0	25	30	2026-08-11T15:53:04Z	2026-08-11T15:54:51Z
119	low	30	runs/aiwf_medium_context/20260811T080349_muse-glimmer-30b_8ae62108	0	26	30	2026-08-11T15:53:47Z	2026-08-11T15:55:10Z
120	xhigh	30	runs/aiwf_medium_context/20260811T080428_muse-glimmer-30b_d94030b0	0	26	30	2026-08-11T15:54:28Z	2026-08-11T15:55:55Z
