slot	mode	attempt	started_at	finished_at	exit_code	run_dir	response_turns	classification	log
1	none	1	2026-07-30T17:20:35+00:00	2026-07-30T17:21:06+00:00	0	runs/aiwf_medium_context/20260730T102036_google_gemma-4-26B-A4B-it_ee44019a	30	complete_30	ops/baseten-gemma4-26b-a4b-vllm/logs/slot01-none-attempt01.log
2	none	1	2026-07-30T17:21:06+00:00	2026-07-30T17:21:36+00:00	0	runs/aiwf_medium_context/20260730T102107_google_gemma-4-26B-A4B-it_6dd804b3	30	complete_30	ops/baseten-gemma4-26b-a4b-vllm/logs/slot02-none-attempt01.log
3	none	1	2026-07-30T17:21:36+00:00	2026-07-30T17:22:05+00:00	0	runs/aiwf_medium_context/20260730T102137_google_gemma-4-26B-A4B-it_2870adab	30	complete_30	ops/baseten-gemma4-26b-a4b-vllm/logs/slot03-none-attempt01.log
4	none	1	2026-07-30T17:22:05+00:00	2026-07-30T17:22:35+00:00	0	runs/aiwf_medium_context/20260730T102207_google_gemma-4-26B-A4B-it_62b710fd	30	complete_30	ops/baseten-gemma4-26b-a4b-vllm/logs/slot04-none-attempt01.log
5	none	1	2026-07-30T17:22:35+00:00	2026-07-30T17:23:06+00:00	0	runs/aiwf_medium_context/20260730T102236_google_gemma-4-26B-A4B-it_d66e5c8d	30	complete_30	ops/baseten-gemma4-26b-a4b-vllm/logs/slot05-none-attempt01.log
6	none	1	2026-07-30T17:23:06+00:00	2026-07-30T17:23:35+00:00	0	runs/aiwf_medium_context/20260730T102307_google_gemma-4-26B-A4B-it_693aff83	30	complete_30	ops/baseten-gemma4-26b-a4b-vllm/logs/slot06-none-attempt01.log
7	none	1	2026-07-30T17:23:35+00:00	2026-07-30T17:24:04+00:00	0	runs/aiwf_medium_context/20260730T102336_google_gemma-4-26B-A4B-it_3c2551a7	30	complete_30	ops/baseten-gemma4-26b-a4b-vllm/logs/slot07-none-attempt01.log
8	none	1	2026-07-30T17:24:04+00:00	2026-07-30T17:24:33+00:00	0	runs/aiwf_medium_context/20260730T102405_google_gemma-4-26B-A4B-it_090c1673	30	complete_30	ops/baseten-gemma4-26b-a4b-vllm/logs/slot08-none-attempt01.log
9	none	1	2026-07-30T17:24:33+00:00	2026-07-30T17:25:03+00:00	0	runs/aiwf_medium_context/20260730T102435_google_gemma-4-26B-A4B-it_f06272a4	30	complete_30	ops/baseten-gemma4-26b-a4b-vllm/logs/slot09-none-attempt01.log
10	none	1	2026-07-30T17:25:03+00:00	2026-07-30T17:25:33+00:00	0	runs/aiwf_medium_context/20260730T102505_google_gemma-4-26B-A4B-it_a55a9711	30	complete_30	ops/baseten-gemma4-26b-a4b-vllm/logs/slot10-none-attempt01.log
11	none	1	2026-07-30T17:25:33+00:00	2026-07-30T17:26:02+00:00	0	runs/aiwf_medium_context/20260730T102535_google_gemma-4-26B-A4B-it_e100acd0	30	complete_30	ops/baseten-gemma4-26b-a4b-vllm/logs/slot11-none-attempt01.log
12	none	1	2026-07-30T17:26:02+00:00	2026-07-30T17:26:32+00:00	0	runs/aiwf_medium_context/20260730T102603_google_gemma-4-26B-A4B-it_a735db47	30	complete_30	ops/baseten-gemma4-26b-a4b-vllm/logs/slot12-none-attempt01.log
13	none	1	2026-07-30T17:26:32+00:00	2026-07-30T17:27:01+00:00	0	runs/aiwf_medium_context/20260730T102633_google_gemma-4-26B-A4B-it_cde1568b	30	complete_30	ops/baseten-gemma4-26b-a4b-vllm/logs/slot13-none-attempt01.log
14	none	1	2026-07-30T17:27:01+00:00	2026-07-30T17:27:30+00:00	0	runs/aiwf_medium_context/20260730T102702_google_gemma-4-26B-A4B-it_832ab1a7	30	complete_30	ops/baseten-gemma4-26b-a4b-vllm/logs/slot14-none-attempt01.log
15	none	1	2026-07-30T17:27:30+00:00	2026-07-30T17:27:59+00:00	0	runs/aiwf_medium_context/20260730T102731_google_gemma-4-26B-A4B-it_b4c3d5e2	30	complete_30	ops/baseten-gemma4-26b-a4b-vllm/logs/slot15-none-attempt01.log
16	none	1	2026-07-30T17:27:59+00:00	2026-07-30T17:28:28+00:00	0	runs/aiwf_medium_context/20260730T102800_google_gemma-4-26B-A4B-it_2e0b5ed0	30	complete_30	ops/baseten-gemma4-26b-a4b-vllm/logs/slot16-none-attempt01.log
17	none	1	2026-07-30T17:28:28+00:00	2026-07-30T17:28:57+00:00	0	runs/aiwf_medium_context/20260730T102830_google_gemma-4-26B-A4B-it_059c213d	30	complete_30	ops/baseten-gemma4-26b-a4b-vllm/logs/slot17-none-attempt01.log
18	none	1	2026-07-30T17:28:57+00:00	2026-07-30T17:29:27+00:00	0	runs/aiwf_medium_context/20260730T102859_google_gemma-4-26B-A4B-it_a4dc5927	30	complete_30	ops/baseten-gemma4-26b-a4b-vllm/logs/slot18-none-attempt01.log
19	none	1	2026-07-30T17:29:27+00:00	2026-07-30T17:29:56+00:00	0	runs/aiwf_medium_context/20260730T102928_google_gemma-4-26B-A4B-it_2d6f7219	30	complete_30	ops/baseten-gemma4-26b-a4b-vllm/logs/slot19-none-attempt01.log
20	none	1	2026-07-30T17:29:56+00:00	2026-07-30T17:30:26+00:00	0	runs/aiwf_medium_context/20260730T102958_google_gemma-4-26B-A4B-it_517985a0	30	complete_30	ops/baseten-gemma4-26b-a4b-vllm/logs/slot20-none-attempt01.log
21	none	1	2026-07-30T17:30:26+00:00	2026-07-30T17:30:56+00:00	0	runs/aiwf_medium_context/20260730T103027_google_gemma-4-26B-A4B-it_c3a27171	30	complete_30	ops/baseten-gemma4-26b-a4b-vllm/logs/slot21-none-attempt01.log
22	none	1	2026-07-30T17:30:56+00:00	2026-07-30T17:31:25+00:00	0	runs/aiwf_medium_context/20260730T103057_google_gemma-4-26B-A4B-it_574ead86	30	complete_30	ops/baseten-gemma4-26b-a4b-vllm/logs/slot22-none-attempt01.log
23	none	1	2026-07-30T17:31:25+00:00	2026-07-30T17:31:55+00:00	0	runs/aiwf_medium_context/20260730T103127_google_gemma-4-26B-A4B-it_35396f75	30	complete_30	ops/baseten-gemma4-26b-a4b-vllm/logs/slot23-none-attempt01.log
24	none	1	2026-07-30T17:31:55+00:00	2026-07-30T17:32:24+00:00	0	runs/aiwf_medium_context/20260730T103156_google_gemma-4-26B-A4B-it_e3c53334	30	complete_30	ops/baseten-gemma4-26b-a4b-vllm/logs/slot24-none-attempt01.log
25	none	1	2026-07-30T17:32:24+00:00	2026-07-30T17:32:53+00:00	0	runs/aiwf_medium_context/20260730T103226_google_gemma-4-26B-A4B-it_e51a5a88	30	complete_30	ops/baseten-gemma4-26b-a4b-vllm/logs/slot25-none-attempt01.log
26	none	1	2026-07-30T17:32:53+00:00	2026-07-30T17:33:23+00:00	0	runs/aiwf_medium_context/20260730T103255_google_gemma-4-26B-A4B-it_ed7eb650	30	complete_30	ops/baseten-gemma4-26b-a4b-vllm/logs/slot26-none-attempt01.log
27	none	1	2026-07-30T17:33:23+00:00	2026-07-30T17:33:52+00:00	0	runs/aiwf_medium_context/20260730T103325_google_gemma-4-26B-A4B-it_88c25a17	30	complete_30	ops/baseten-gemma4-26b-a4b-vllm/logs/slot27-none-attempt01.log
28	none	1	2026-07-30T17:33:52+00:00	2026-07-30T17:34:22+00:00	0	runs/aiwf_medium_context/20260730T103354_google_gemma-4-26B-A4B-it_1c460952	30	complete_30	ops/baseten-gemma4-26b-a4b-vllm/logs/slot28-none-attempt01.log
29	none	1	2026-07-30T17:34:22+00:00	2026-07-30T17:34:52+00:00	0	runs/aiwf_medium_context/20260730T103423_google_gemma-4-26B-A4B-it_9a9d1942	30	complete_30	ops/baseten-gemma4-26b-a4b-vllm/logs/slot29-none-attempt01.log
30	none	1	2026-07-30T17:34:52+00:00	2026-07-30T17:35:26+00:00	0	runs/aiwf_medium_context/20260730T103453_google_gemma-4-26B-A4B-it_34f19af2	30	complete_30	ops/baseten-gemma4-26b-a4b-vllm/logs/slot30-none-attempt01.log
