campaign_level	macro_block	arm	half	snapshot_id	seed_start	seed_stop
2048	1	fp8	first	turn12-golden	0	256
2048	1	fp8	first	turn12-baseten_bf16-01	0	64
2048	1	fp8	first	turn12-baseten_bf16-02	0	64
2048	1	fp8	first	turn12-baseten_bf16-03	0	64
2048	1	fp8	first	turn12-baseten_bf16-04	0	64
2048	1	fp8	first	turn12-local_fp8-01	0	64
2048	1	fp8	first	turn12-local_fp8-02	0	64
2048	1	fp8	first	turn12-local_fp8-03	0	64
2048	1	fp8	first	turn12-local_fp8-04	0	64
2048	1	fp8	first	turn12-local_bf16-01	0	64
2048	1	fp8	first	turn12-local_bf16-02	0	64
2048	1	fp8	first	turn12-local_bf16-03	0	64
2048	1	fp8	first	turn12-local_bf16-04	0	64
2048	1	fp8	first	turn15-golden	0	256
2048	1	fp8	first	turn15-baseten_bf16-01	0	64
2048	1	fp8	first	turn15-baseten_bf16-02	0	64
2048	1	fp8	first	turn15-baseten_bf16-03	0	64
2048	1	fp8	first	turn15-baseten_bf16-04	0	64
2048	1	fp8	first	turn15-local_fp8-01	0	64
2048	1	fp8	first	turn15-local_fp8-02	0	64
2048	1	fp8	first	turn15-local_fp8-03	0	64
2048	1	fp8	first	turn15-local_fp8-04	0	64
2048	1	fp8	first	turn15-local_bf16-01	0	64
2048	1	fp8	first	turn15-local_bf16-02	0	64
2048	1	fp8	first	turn15-local_bf16-03	0	64
2048	1	fp8	first	turn15-local_bf16-04	0	64
2048	2	bf16	first	turn12-golden	0	256
2048	2	bf16	first	turn12-baseten_bf16-01	0	64
2048	2	bf16	first	turn12-baseten_bf16-02	0	64
2048	2	bf16	first	turn12-baseten_bf16-03	0	64
2048	2	bf16	first	turn12-baseten_bf16-04	0	64
2048	2	bf16	first	turn12-local_fp8-01	0	64
2048	2	bf16	first	turn12-local_fp8-02	0	64
2048	2	bf16	first	turn12-local_fp8-03	0	64
2048	2	bf16	first	turn12-local_fp8-04	0	64
2048	2	bf16	first	turn12-local_bf16-01	0	64
2048	2	bf16	first	turn12-local_bf16-02	0	64
2048	2	bf16	first	turn12-local_bf16-03	0	64
2048	2	bf16	first	turn12-local_bf16-04	0	64
2048	2	bf16	first	turn15-golden	0	256
2048	2	bf16	first	turn15-baseten_bf16-01	0	64
2048	2	bf16	first	turn15-baseten_bf16-02	0	64
2048	2	bf16	first	turn15-baseten_bf16-03	0	64
2048	2	bf16	first	turn15-baseten_bf16-04	0	64
2048	2	bf16	first	turn15-local_fp8-01	0	64
2048	2	bf16	first	turn15-local_fp8-02	0	64
2048	2	bf16	first	turn15-local_fp8-03	0	64
2048	2	bf16	first	turn15-local_fp8-04	0	64
2048	2	bf16	first	turn15-local_bf16-01	0	64
2048	2	bf16	first	turn15-local_bf16-02	0	64
2048	2	bf16	first	turn15-local_bf16-03	0	64
2048	2	bf16	first	turn15-local_bf16-04	0	64
2048	3	bf16	second	turn12-golden	256	512
2048	3	bf16	second	turn12-baseten_bf16-01	64	128
2048	3	bf16	second	turn12-baseten_bf16-02	64	128
2048	3	bf16	second	turn12-baseten_bf16-03	64	128
2048	3	bf16	second	turn12-baseten_bf16-04	64	128
2048	3	bf16	second	turn12-local_fp8-01	64	128
2048	3	bf16	second	turn12-local_fp8-02	64	128
2048	3	bf16	second	turn12-local_fp8-03	64	128
2048	3	bf16	second	turn12-local_fp8-04	64	128
2048	3	bf16	second	turn12-local_bf16-01	64	128
2048	3	bf16	second	turn12-local_bf16-02	64	128
2048	3	bf16	second	turn12-local_bf16-03	64	128
2048	3	bf16	second	turn12-local_bf16-04	64	128
2048	3	bf16	second	turn15-golden	256	512
2048	3	bf16	second	turn15-baseten_bf16-01	64	128
2048	3	bf16	second	turn15-baseten_bf16-02	64	128
2048	3	bf16	second	turn15-baseten_bf16-03	64	128
2048	3	bf16	second	turn15-baseten_bf16-04	64	128
2048	3	bf16	second	turn15-local_fp8-01	64	128
2048	3	bf16	second	turn15-local_fp8-02	64	128
2048	3	bf16	second	turn15-local_fp8-03	64	128
2048	3	bf16	second	turn15-local_fp8-04	64	128
2048	3	bf16	second	turn15-local_bf16-01	64	128
2048	3	bf16	second	turn15-local_bf16-02	64	128
2048	3	bf16	second	turn15-local_bf16-03	64	128
2048	3	bf16	second	turn15-local_bf16-04	64	128
2048	4	fp8	second	turn12-golden	256	512
2048	4	fp8	second	turn12-baseten_bf16-01	64	128
2048	4	fp8	second	turn12-baseten_bf16-02	64	128
2048	4	fp8	second	turn12-baseten_bf16-03	64	128
2048	4	fp8	second	turn12-baseten_bf16-04	64	128
2048	4	fp8	second	turn12-local_fp8-01	64	128
2048	4	fp8	second	turn12-local_fp8-02	64	128
2048	4	fp8	second	turn12-local_fp8-03	64	128
2048	4	fp8	second	turn12-local_fp8-04	64	128
2048	4	fp8	second	turn12-local_bf16-01	64	128
2048	4	fp8	second	turn12-local_bf16-02	64	128
2048	4	fp8	second	turn12-local_bf16-03	64	128
2048	4	fp8	second	turn12-local_bf16-04	64	128
2048	4	fp8	second	turn15-golden	256	512
2048	4	fp8	second	turn15-baseten_bf16-01	64	128
2048	4	fp8	second	turn15-baseten_bf16-02	64	128
2048	4	fp8	second	turn15-baseten_bf16-03	64	128
2048	4	fp8	second	turn15-baseten_bf16-04	64	128
2048	4	fp8	second	turn15-local_fp8-01	64	128
2048	4	fp8	second	turn15-local_fp8-02	64	128
2048	4	fp8	second	turn15-local_fp8-03	64	128
2048	4	fp8	second	turn15-local_fp8-04	64	128
2048	4	fp8	second	turn15-local_bf16-01	64	128
2048	4	fp8	second	turn15-local_bf16-02	64	128
2048	4	fp8	second	turn15-local_bf16-03	64	128
2048	4	fp8	second	turn15-local_bf16-04	64	128
4096	1	fp8	first	turn12-golden	512	768
4096	1	fp8	first	turn12-baseten_bf16-01	128	192
4096	1	fp8	first	turn12-baseten_bf16-02	128	192
4096	1	fp8	first	turn12-baseten_bf16-03	128	192
4096	1	fp8	first	turn12-baseten_bf16-04	128	192
4096	1	fp8	first	turn12-local_fp8-01	128	192
4096	1	fp8	first	turn12-local_fp8-02	128	192
4096	1	fp8	first	turn12-local_fp8-03	128	192
4096	1	fp8	first	turn12-local_fp8-04	128	192
4096	1	fp8	first	turn12-local_bf16-01	128	192
4096	1	fp8	first	turn12-local_bf16-02	128	192
4096	1	fp8	first	turn12-local_bf16-03	128	192
4096	1	fp8	first	turn12-local_bf16-04	128	192
4096	1	fp8	first	turn15-golden	512	768
4096	1	fp8	first	turn15-baseten_bf16-01	128	192
4096	1	fp8	first	turn15-baseten_bf16-02	128	192
4096	1	fp8	first	turn15-baseten_bf16-03	128	192
4096	1	fp8	first	turn15-baseten_bf16-04	128	192
4096	1	fp8	first	turn15-local_fp8-01	128	192
4096	1	fp8	first	turn15-local_fp8-02	128	192
4096	1	fp8	first	turn15-local_fp8-03	128	192
4096	1	fp8	first	turn15-local_fp8-04	128	192
4096	1	fp8	first	turn15-local_bf16-01	128	192
4096	1	fp8	first	turn15-local_bf16-02	128	192
4096	1	fp8	first	turn15-local_bf16-03	128	192
4096	1	fp8	first	turn15-local_bf16-04	128	192
4096	2	bf16	first	turn12-golden	512	768
4096	2	bf16	first	turn12-baseten_bf16-01	128	192
4096	2	bf16	first	turn12-baseten_bf16-02	128	192
4096	2	bf16	first	turn12-baseten_bf16-03	128	192
4096	2	bf16	first	turn12-baseten_bf16-04	128	192
4096	2	bf16	first	turn12-local_fp8-01	128	192
4096	2	bf16	first	turn12-local_fp8-02	128	192
4096	2	bf16	first	turn12-local_fp8-03	128	192
4096	2	bf16	first	turn12-local_fp8-04	128	192
4096	2	bf16	first	turn12-local_bf16-01	128	192
4096	2	bf16	first	turn12-local_bf16-02	128	192
4096	2	bf16	first	turn12-local_bf16-03	128	192
4096	2	bf16	first	turn12-local_bf16-04	128	192
4096	2	bf16	first	turn15-golden	512	768
4096	2	bf16	first	turn15-baseten_bf16-01	128	192
4096	2	bf16	first	turn15-baseten_bf16-02	128	192
4096	2	bf16	first	turn15-baseten_bf16-03	128	192
4096	2	bf16	first	turn15-baseten_bf16-04	128	192
4096	2	bf16	first	turn15-local_fp8-01	128	192
4096	2	bf16	first	turn15-local_fp8-02	128	192
4096	2	bf16	first	turn15-local_fp8-03	128	192
4096	2	bf16	first	turn15-local_fp8-04	128	192
4096	2	bf16	first	turn15-local_bf16-01	128	192
4096	2	bf16	first	turn15-local_bf16-02	128	192
4096	2	bf16	first	turn15-local_bf16-03	128	192
4096	2	bf16	first	turn15-local_bf16-04	128	192
4096	3	bf16	second	turn12-golden	768	1024
4096	3	bf16	second	turn12-baseten_bf16-01	192	256
4096	3	bf16	second	turn12-baseten_bf16-02	192	256
4096	3	bf16	second	turn12-baseten_bf16-03	192	256
4096	3	bf16	second	turn12-baseten_bf16-04	192	256
4096	3	bf16	second	turn12-local_fp8-01	192	256
4096	3	bf16	second	turn12-local_fp8-02	192	256
4096	3	bf16	second	turn12-local_fp8-03	192	256
4096	3	bf16	second	turn12-local_fp8-04	192	256
4096	3	bf16	second	turn12-local_bf16-01	192	256
4096	3	bf16	second	turn12-local_bf16-02	192	256
4096	3	bf16	second	turn12-local_bf16-03	192	256
4096	3	bf16	second	turn12-local_bf16-04	192	256
4096	3	bf16	second	turn15-golden	768	1024
4096	3	bf16	second	turn15-baseten_bf16-01	192	256
4096	3	bf16	second	turn15-baseten_bf16-02	192	256
4096	3	bf16	second	turn15-baseten_bf16-03	192	256
4096	3	bf16	second	turn15-baseten_bf16-04	192	256
4096	3	bf16	second	turn15-local_fp8-01	192	256
4096	3	bf16	second	turn15-local_fp8-02	192	256
4096	3	bf16	second	turn15-local_fp8-03	192	256
4096	3	bf16	second	turn15-local_fp8-04	192	256
4096	3	bf16	second	turn15-local_bf16-01	192	256
4096	3	bf16	second	turn15-local_bf16-02	192	256
4096	3	bf16	second	turn15-local_bf16-03	192	256
4096	3	bf16	second	turn15-local_bf16-04	192	256
4096	4	fp8	second	turn12-golden	768	1024
4096	4	fp8	second	turn12-baseten_bf16-01	192	256
4096	4	fp8	second	turn12-baseten_bf16-02	192	256
4096	4	fp8	second	turn12-baseten_bf16-03	192	256
4096	4	fp8	second	turn12-baseten_bf16-04	192	256
4096	4	fp8	second	turn12-local_fp8-01	192	256
4096	4	fp8	second	turn12-local_fp8-02	192	256
4096	4	fp8	second	turn12-local_fp8-03	192	256
4096	4	fp8	second	turn12-local_fp8-04	192	256
4096	4	fp8	second	turn12-local_bf16-01	192	256
4096	4	fp8	second	turn12-local_bf16-02	192	256
4096	4	fp8	second	turn12-local_bf16-03	192	256
4096	4	fp8	second	turn12-local_bf16-04	192	256
4096	4	fp8	second	turn15-golden	768	1024
4096	4	fp8	second	turn15-baseten_bf16-01	192	256
4096	4	fp8	second	turn15-baseten_bf16-02	192	256
4096	4	fp8	second	turn15-baseten_bf16-03	192	256
4096	4	fp8	second	turn15-baseten_bf16-04	192	256
4096	4	fp8	second	turn15-local_fp8-01	192	256
4096	4	fp8	second	turn15-local_fp8-02	192	256
4096	4	fp8	second	turn15-local_fp8-03	192	256
4096	4	fp8	second	turn15-local_fp8-04	192	256
4096	4	fp8	second	turn15-local_bf16-01	192	256
4096	4	fp8	second	turn15-local_bf16-02	192	256
4096	4	fp8	second	turn15-local_bf16-03	192	256
4096	4	fp8	second	turn15-local_bf16-04	192	256
8192	1	fp8	first	turn12-golden	1024	1536
8192	1	fp8	first	turn12-baseten_bf16-01	256	384
8192	1	fp8	first	turn12-baseten_bf16-02	256	384
8192	1	fp8	first	turn12-baseten_bf16-03	256	384
8192	1	fp8	first	turn12-baseten_bf16-04	256	384
8192	1	fp8	first	turn12-local_fp8-01	256	384
8192	1	fp8	first	turn12-local_fp8-02	256	384
8192	1	fp8	first	turn12-local_fp8-03	256	384
8192	1	fp8	first	turn12-local_fp8-04	256	384
8192	1	fp8	first	turn12-local_bf16-01	256	384
8192	1	fp8	first	turn12-local_bf16-02	256	384
8192	1	fp8	first	turn12-local_bf16-03	256	384
8192	1	fp8	first	turn12-local_bf16-04	256	384
8192	1	fp8	first	turn15-golden	1024	1536
8192	1	fp8	first	turn15-baseten_bf16-01	256	384
8192	1	fp8	first	turn15-baseten_bf16-02	256	384
8192	1	fp8	first	turn15-baseten_bf16-03	256	384
8192	1	fp8	first	turn15-baseten_bf16-04	256	384
8192	1	fp8	first	turn15-local_fp8-01	256	384
8192	1	fp8	first	turn15-local_fp8-02	256	384
8192	1	fp8	first	turn15-local_fp8-03	256	384
8192	1	fp8	first	turn15-local_fp8-04	256	384
8192	1	fp8	first	turn15-local_bf16-01	256	384
8192	1	fp8	first	turn15-local_bf16-02	256	384
8192	1	fp8	first	turn15-local_bf16-03	256	384
8192	1	fp8	first	turn15-local_bf16-04	256	384
8192	2	bf16	first	turn12-golden	1024	1536
8192	2	bf16	first	turn12-baseten_bf16-01	256	384
8192	2	bf16	first	turn12-baseten_bf16-02	256	384
8192	2	bf16	first	turn12-baseten_bf16-03	256	384
8192	2	bf16	first	turn12-baseten_bf16-04	256	384
8192	2	bf16	first	turn12-local_fp8-01	256	384
8192	2	bf16	first	turn12-local_fp8-02	256	384
8192	2	bf16	first	turn12-local_fp8-03	256	384
8192	2	bf16	first	turn12-local_fp8-04	256	384
8192	2	bf16	first	turn12-local_bf16-01	256	384
8192	2	bf16	first	turn12-local_bf16-02	256	384
8192	2	bf16	first	turn12-local_bf16-03	256	384
8192	2	bf16	first	turn12-local_bf16-04	256	384
8192	2	bf16	first	turn15-golden	1024	1536
8192	2	bf16	first	turn15-baseten_bf16-01	256	384
8192	2	bf16	first	turn15-baseten_bf16-02	256	384
8192	2	bf16	first	turn15-baseten_bf16-03	256	384
8192	2	bf16	first	turn15-baseten_bf16-04	256	384
8192	2	bf16	first	turn15-local_fp8-01	256	384
8192	2	bf16	first	turn15-local_fp8-02	256	384
8192	2	bf16	first	turn15-local_fp8-03	256	384
8192	2	bf16	first	turn15-local_fp8-04	256	384
8192	2	bf16	first	turn15-local_bf16-01	256	384
8192	2	bf16	first	turn15-local_bf16-02	256	384
8192	2	bf16	first	turn15-local_bf16-03	256	384
8192	2	bf16	first	turn15-local_bf16-04	256	384
8192	3	bf16	second	turn12-golden	1536	2048
8192	3	bf16	second	turn12-baseten_bf16-01	384	512
8192	3	bf16	second	turn12-baseten_bf16-02	384	512
8192	3	bf16	second	turn12-baseten_bf16-03	384	512
8192	3	bf16	second	turn12-baseten_bf16-04	384	512
8192	3	bf16	second	turn12-local_fp8-01	384	512
8192	3	bf16	second	turn12-local_fp8-02	384	512
8192	3	bf16	second	turn12-local_fp8-03	384	512
8192	3	bf16	second	turn12-local_fp8-04	384	512
8192	3	bf16	second	turn12-local_bf16-01	384	512
8192	3	bf16	second	turn12-local_bf16-02	384	512
8192	3	bf16	second	turn12-local_bf16-03	384	512
8192	3	bf16	second	turn12-local_bf16-04	384	512
8192	3	bf16	second	turn15-golden	1536	2048
8192	3	bf16	second	turn15-baseten_bf16-01	384	512
8192	3	bf16	second	turn15-baseten_bf16-02	384	512
8192	3	bf16	second	turn15-baseten_bf16-03	384	512
8192	3	bf16	second	turn15-baseten_bf16-04	384	512
8192	3	bf16	second	turn15-local_fp8-01	384	512
8192	3	bf16	second	turn15-local_fp8-02	384	512
8192	3	bf16	second	turn15-local_fp8-03	384	512
8192	3	bf16	second	turn15-local_fp8-04	384	512
8192	3	bf16	second	turn15-local_bf16-01	384	512
8192	3	bf16	second	turn15-local_bf16-02	384	512
8192	3	bf16	second	turn15-local_bf16-03	384	512
8192	3	bf16	second	turn15-local_bf16-04	384	512
8192	4	fp8	second	turn12-golden	1536	2048
8192	4	fp8	second	turn12-baseten_bf16-01	384	512
8192	4	fp8	second	turn12-baseten_bf16-02	384	512
8192	4	fp8	second	turn12-baseten_bf16-03	384	512
8192	4	fp8	second	turn12-baseten_bf16-04	384	512
8192	4	fp8	second	turn12-local_fp8-01	384	512
8192	4	fp8	second	turn12-local_fp8-02	384	512
8192	4	fp8	second	turn12-local_fp8-03	384	512
8192	4	fp8	second	turn12-local_fp8-04	384	512
8192	4	fp8	second	turn12-local_bf16-01	384	512
8192	4	fp8	second	turn12-local_bf16-02	384	512
8192	4	fp8	second	turn12-local_bf16-03	384	512
8192	4	fp8	second	turn12-local_bf16-04	384	512
8192	4	fp8	second	turn15-golden	1536	2048
8192	4	fp8	second	turn15-baseten_bf16-01	384	512
8192	4	fp8	second	turn15-baseten_bf16-02	384	512
8192	4	fp8	second	turn15-baseten_bf16-03	384	512
8192	4	fp8	second	turn15-baseten_bf16-04	384	512
8192	4	fp8	second	turn15-local_fp8-01	384	512
8192	4	fp8	second	turn15-local_fp8-02	384	512
8192	4	fp8	second	turn15-local_fp8-03	384	512
8192	4	fp8	second	turn15-local_fp8-04	384	512
8192	4	fp8	second	turn15-local_bf16-01	384	512
8192	4	fp8	second	turn15-local_bf16-02	384	512
8192	4	fp8	second	turn15-local_bf16-03	384	512
8192	4	fp8	second	turn15-local_bf16-04	384	512
