pair	slot	arm	run_dir	classification	observed_turns	strict_passes	transcript_sha256	judgment_sha256	summary_sha256
1	G4D-01	dots96	runs/aiwf_medium_context/20260731T120004_google_gemma-4-26B-A4B-it_89e40303	strict_complete	30	24	9e584a563b0c75d82b41b0588de015b8168bdbec5f720ebbf0d469895a8b86c5	de878f2191f76b7186b610886bab92b391128f16cf5e811419f1f56e9bcd4732	7959d3b2130d5cfd1bd79c3760c590da70d7cfb46a477c65f75856f637da5625
1	G4D-02	nofiller	runs/aiwf_medium_context/20260731T120037_google_gemma-4-26B-A4B-it_df1f6419	strict_complete	30	24	d444479fed49d31f35e4fb967b60bec69a6682b98d10e246228337ac18572f2e	d4d05e070db2bab748a22b234539f04bfbe90b194b39871ad4601864d8ca2a35	832495ba898c00c0c903d5cf8fd7bea21f1f2d1679d3ae4696da87a9b4143f8f
2	G4D-03	dots96	runs/aiwf_medium_context/20260731T120109_google_gemma-4-26B-A4B-it_5fa51d3e	strict_complete	30	26	1594c9f7c343780acb4fae82e1d3d0618e1751d1ddae578907fafb13639cabc5	77ff864e3d9b13b5fa6b79eae561342eaad4c96e7839da96c6e6d6cc5aa8e8bf	d64466550a5363768985a1858151c5ef7dd5323815fe9738e06586e4028cb025
2	G4D-04	nofiller	runs/aiwf_medium_context/20260731T120140_google_gemma-4-26B-A4B-it_5ceeac15	strict_complete	30	24	b14fed36429af963c4f98777814424d4e5ef14c270c100e066d93c1d09085386	161aa98a5bde458a16d929b9d7c232c8de97da4c7bb188515fe4a9b5ba245afd	eb3f386f0ec096f9b0a92bac4b3bc3eb65600ecb8bb1eb8aa66448c66dec95ad
3	G4D-05	nofiller	runs/aiwf_medium_context/20260731T120209_google_gemma-4-26B-A4B-it_f574d465	strict_complete	30	24	9ee97742e42f7a9e82b04c3201b6f1615fa560dfba6c72bc73167ca6dc032960	2e8e2d3865bcf6dd0630844a4b2aa47dbbb18e256718187b229539cf96bd33f1	fda756596428e79581bf1cc31e846086bfe98a697a2f99a579a3e46d2df15eba
3	G4D-06	dots96	runs/aiwf_medium_context/20260731T120238_google_gemma-4-26B-A4B-it_275630cd	strict_complete	30	23	b62e6b818fca601bd53cd7f0a347df20d81b1f6242e109040f88192ede58ea8a	f707d948ca6db8885537c6bf285d7468b2fc3f66e52070dfbe01966375ebd964	46b8926f0f2668144bc4a17f55fe2e4e641c507240a5b181131d6c4940b94179
4	G4D-07	dots96	runs/aiwf_medium_context/20260731T120310_google_gemma-4-26B-A4B-it_6f12ed61	strict_complete	30	23	43f857663e3d22134b96dd0ec0362f0b20cec416c46bca19a12caa365917f6fe	2a22ec4532c2ba5609946cb9c7e8b7b91b5025665ea555d48059736432e15815	bf499aeb0ace44c26c7b96ca4fc5616b940327847db45a4e0e709614125367fd
4	G4D-08	nofiller	runs/aiwf_medium_context/20260731T120339_google_gemma-4-26B-A4B-it_17cf23f0	strict_complete	30	24	972e098d3d4ba05775a9357f8fbaf1385bc2eeb5dca1ec6fe1ca1dd65d0bab8f	565abde941df12e6a8bbf0c3419650be78239f30c0975394a7b361d12e2f18d6	178982a572c67b645f75ca4f7089f685c06ffbc5c06bb3f11870ecdaf0a40fc3
5	G4D-09	dots96	runs/aiwf_medium_context/20260731T120408_google_gemma-4-26B-A4B-it_0faf94d3	strict_complete	30	25	c77627a05c2b876f748af1f03a39d95539244fae710d906aa279a853fd0fe6a8	cbe9c7b74100c713f149fbf7e3d977ba3f5561ac9994ec4aa479a0cde4c6414c	736cf35adc8013846608ee5ac9af6b0c438fc4fad466199fc48dc2e568c5faca
5	G4D-10	nofiller	runs/aiwf_medium_context/20260731T120437_google_gemma-4-26B-A4B-it_3b88411d	strict_complete	30	24	80478a2b55f9b3ef241bba60c4e6013e9fa508c082dc9cee2ddd22fa68db0589	d36e1f6b19fbcc3f8311ccedd1011059775e574c0cbfbdc2b99ef37c2a6d24f1	570771da5b0b9f7b5adbea16a86dd0c28bef2df78bf7584a2840661b1beb72c6
6	G4D-11	nofiller	runs/aiwf_medium_context/20260731T120506_google_gemma-4-26B-A4B-it_bbdf05c5	incomplete_no_end_session	24	20	10b74c8981230fbadbf9c81f0e1f37b3c4c5207a0260c00ca783035633428cf3	7674d4c806f2538068f4f2d0c17ddb47add667e1d93dccd8a64c0818bc3f121b	fe4f9073b5ea36ab6de9b55bc45822490f27f6e203ebfdd9b8e4ff496520167a
6	G4D-12	dots96	runs/aiwf_medium_context/20260731T120642_google_gemma-4-26B-A4B-it_350445ca	strict_complete	30	24	079aae94b38b757da50369a9766e10cc7b089cb45c61203609936ead1882cd02	a714bd7c0f950045e50412a801c23a7d134ed76d86571207fd345b16e258df35	8920ab955ac4f28d6a77354b93ba7839786e993df70c922c53af87d582fb7dcf
7	G4D-13	nofiller	runs/aiwf_medium_context/20260731T120712_google_gemma-4-26B-A4B-it_ec436797	strict_complete	30	25	929a44665ff2dd8ed78ed8f43c1c73205793e1defc7225917a2f98cf9e53dc24	b420a9c3b4e0d1f0b4cc968e1ba3978bd1aaf6d5196967f65c58664805a76a04	b345384ed86a682feb44739ea581d8946a19678b141661ae781aaec21b546551
7	G4D-14	dots96	runs/aiwf_medium_context/20260731T120740_google_gemma-4-26B-A4B-it_37bb5b6a	strict_complete	30	24	e7ac07c0ad08f27ae1938952fd7ddeadff805e6f5bab036974a2317952a6069b	3ce6e00f4ad0398fbfdddfeb7ba0dfc09af23a941b99c8d557a0e55f77e58254	dcff7ff57dcd9adee5fcd937032528ce0395dba05b887a95109794d6ef4fa04c
8	G4D-15	nofiller	runs/aiwf_medium_context/20260731T120811_google_gemma-4-26B-A4B-it_0c27030f	strict_complete	30	25	3188806e8f6b9349de926c6942c73d25b1c9422a3454b2b0765e44474e445fdd	1432d4a80a2c574908bdfc3fb04450f10cc7b2044fd5a1b62f77e366c6cdf16a	edfa22c069e7b0353013bc9c1a3ed01d84e8a27762f501a681eb4f5a681b886e
8	G4D-16	dots96	runs/aiwf_medium_context/20260731T120840_google_gemma-4-26B-A4B-it_755ce6fd	strict_complete	30	24	ffe8101bd3a520dcb51b50a5570748f164fd692a90d2becfbb51c9fc9de2a949	2421eb37df7d7319234f75b4ee0dd666ccc2c9f8f02868998c85e7be5fcadecc	a686d274986599c8ff2f27298c5ceceaeba7d5140c0f8bec81d30576b7f01206
9	G4D-17	dots96	runs/aiwf_medium_context/20260731T120911_google_gemma-4-26B-A4B-it_882c02ef	strict_complete	30	25	0b10cdc5550069a00656bb4ed6306a4e31dc23fbc92f6533daffd26448d99478	b682263e92ccfd6fc453720675e0aaeb3e8b5409663835f78da13794e5749019	2c025bef85a85d1922fb84ec89ec1dd97742dab560db6be960e268284bb1c403
9	G4D-18	nofiller	runs/aiwf_medium_context/20260731T120940_google_gemma-4-26B-A4B-it_008911fc	strict_complete	30	25	3e56f5f4625a4354ef29c4892e8b192f85d1a32d20a1caac93ee7b01d36d3cbb	4c4b340d35c85b0c7e45ff37bd67719df0504d264a6979af3751ac8fe7164190	d4a65225bb35b2282da435c1c0e601a2514c2f103443bad0d76b2d2493b85209
10	G4D-19	nofiller	runs/aiwf_medium_context/20260731T121009_google_gemma-4-26B-A4B-it_9118e514	strict_complete	30	25	6943dea964b479ab5e2d04234d2147b22df3a0c5b99245df154b7ad77ef69ded	0883f51ee0868694eec183c4175207fb515bd15a6d69a5c3e15b8c7e62a2d733	93f64c1b0c9f55cb598429331f71e7e79e9c164a28912d086c0914228eab46e1
10	G4D-20	dots96	runs/aiwf_medium_context/20260731T121038_google_gemma-4-26B-A4B-it_6d468433	strict_complete	30	25	d7d944b161e957343ecbf849d6ffaee0ab9f6bfd4fde92e4f6ca58f10ead79ce	0947f501314b188743635e841e9cf0dff89a34cc8849e997a73f340bf68107c7	958c3e584c0b2fe25b6eea720da76b8e702da1b9e91e3c7be990b49b8af92226
11	G4D-21	dots96	runs/aiwf_medium_context/20260803T181322_google_gemma-4-26B-A4B-it_981e7e2f	strict_complete	30	23	952a5ecf91cfd5052ec9d2756dfa9b6ce7778025c149eba01d8e0a7f7d9ef2fb	3b4ef10e4d68e7294830492861378878d68a5123e94b454284d3a973f1b46ca5	e654d775d4b36901583426a0376522c6de5f76bc5e6bd220b99631c02539b6dc
11	G4D-22	nofiller	runs/aiwf_medium_context/20260803T181411_google_gemma-4-26B-A4B-it_ee339bf6	strict_complete	30	24	a32a9a2aa27c0b47f810d12e081545374418669919d71abff07b45e427a8e8cf	1cc5f5a7a97b38f3da4f0adf48c8333f51fb2d89f933537e1503689f84136d24	40e30e482606974b783d9d8ce87f5a7f6cb5a4a80493f53868c052571e4eece8
12	G4D-23	dots96	runs/aiwf_medium_context/20260803T181521_google_gemma-4-26B-A4B-it_f3bd6fd8	strict_complete	30	26	417f4a8f453aeacbab25282cb41d3e3c6f41142e4a6e1564d56a61bd118da6cc	db869ae638d3df84cad066a97de837366b057f9b0db8f6587230e5ae01e3988e	0f889b46a036e09a5b452ac5569f95602d788e6c500d42f4b0db3e2fdbbe71f7
12	G4D-24	nofiller	runs/aiwf_medium_context/20260803T181557_google_gemma-4-26B-A4B-it_ba74d7a9	strict_complete	30	25	7ff58a17a347838e8f941f8c4c05b73065fc5576b9668beb5a3acc00a8a4ab3d	e7dbd176c7f7ab82eb1ca60a540b2c5345d0c7d988e01babc27d73ea9a94ec7b	42ce705d10e75df1c97dcd5f32a53fca941a18c422c8ab591a988f088794d6f6
13	G4D-25	dots96	runs/aiwf_medium_context/20260803T181646_google_gemma-4-26B-A4B-it_9f0172b7	strict_complete	30	25	4c34138660c4ce4874f02275e450b73f067744598c50c0f78b38692335e24184	9b53030d5633d168848fff0fa60b90be1636d4a6e2810861b1d5ec34601bc0b6	cf305bc1b73713a5c33963087be4fe3e9d3e4199022ba508398e4c67fbd88d42
13	G4D-26	nofiller	runs/aiwf_medium_context/20260803T181745_google_gemma-4-26B-A4B-it_ce59d5b8	strict_complete	30	25	56c1d8ae27257a37a2826ac3481f4fa80335b453e066369d886e902a2251b2c3	05852b76c0b95c2e6002d20a3cb945dc4a61f2a2d495307990d45a38186d4e07	be1af4e665a32828158c14ccf214e658568fb72fc1021358e2c85b21e3dd8403
14	G4D-27	nofiller	runs/aiwf_medium_context/20260803T181829_google_gemma-4-26B-A4B-it_62fa6805	strict_complete	30	24	4b62026f7ff0dca6f3e252e6be5695bedf884f675dfa1afa66fbbe3ab3b435a0	440d2400363587ba6380b1ce17049307dfe5ae8a1f418d859711e3e06613540d	28367113e5e63b5e522bdc647ede961ee664a72c6bb0d962dff2181c5cf0c9de
14	G4D-28	dots96	runs/aiwf_medium_context/20260803T181918_google_gemma-4-26B-A4B-it_27577d9c	strict_complete	30	25	d5a129da34f4145f75a505f5c69b7016ef6030e015d42281eef46adc23f56af0	15f9b6129148c039532705979d97dd58b20b3bbbc5b0b1c1c7cb34733dfc0686	1f59906f8ebdd25008f2bccd7a66c5fbc329c8a4a4b47b9c6b234602d66d7485
15	G4D-29	dots96	runs/aiwf_medium_context/20260803T181947_google_gemma-4-26B-A4B-it_9fcfab4e	strict_complete	30	23	712e1f8f4c84c4e7a4b6dccf8ab911342a0d2b0713db58db7cc46047736dee95	980feae96d6c5de78d56afd4892ebd40f7f8c4b1a404dc07ce964eb7d217dd7e	690d3f71661f5e710fac024fc4bef741845b4cf0ff8d602080f2b1533a47e3d8
15	G4D-30	nofiller	runs/aiwf_medium_context/20260803T182018_google_gemma-4-26B-A4B-it_d3b4f40a	strict_complete	30	24	82e7059188ff63347fc730f96dce4cec2d34e7757ee07ea682c45a207f4c638a	1c4592455615c280d58e21989a8fd435f993f57aed23f56e2fc1145954891c9b	d6dcf1225dd5705b8ecf99930deab1eda65983391014546095fd5f119c7f00f6
16	G4D-31	dots96	runs/aiwf_medium_context/20260803T182054_google_gemma-4-26B-A4B-it_490cf9a8	strict_complete	30	25	e05749067226ec9687c9b06a93910e5edb03f23f2587195dec16524e271a81b0	9346234b01657d2d1da6b0a44ef5ef14e90ed50f237ccd746d4b6a34e77dd3b4	b5c702851ad7e795556523328f18f89db60cb3ee5948b6a92e3bb04904e9a738
16	G4D-32	nofiller	runs/aiwf_medium_context/20260803T182125_google_gemma-4-26B-A4B-it_d630d3d9	strict_complete	30	25	bacae4073a98f52862605ba3e476d8b556d6e1817614c4aa26c9ce465dd2ed74	aaff0a6b1c25d8de0156b736e839778cc0507303ff509d1a3b3c2fa2de0a54e8	beb8a6c72e3961da74868e9954c37f5cf62fd5b26cdb555a91e68a3079279ecc
17	G4D-33	nofiller	runs/aiwf_medium_context/20260803T182259_google_gemma-4-26B-A4B-it_3c9766ed	strict_complete	30	25	bad08cbbb52a914e03a2fcb3883b968c4bdfb248845e0e7c4b9576438b2d3b28	f8b7d495f76050e05d9444d5437780f65b8f76b56c874d12291bc9328445073c	203243d62985f431551d769822f268642751801d245505dc9385f442ce49bc9a
17	G4D-34	dots96	runs/aiwf_medium_context/20260803T182332_google_gemma-4-26B-A4B-it_fb29f3e1	strict_complete	30	24	cb297101c8cd4a53ca2daeeb445e978eed2d38abfedf167c0d4607d6ec498036	4a2153a486af58afb56b93fa35212988338a945c5c86a9f6bca66bdfb618f8dc	4664a5b91f889b6d711f6d43a951e47da7579519da3f7193fa4c25517a55e8df
18	G4D-35	nofiller	runs/aiwf_medium_context/20260803T182404_google_gemma-4-26B-A4B-it_9506a9b3	strict_complete	30	24	e14606451c59d57b2fe72e8f5d3aa71a1e5d78613f2b967d157227bbc6c4c9c4	6e7f8c2388dc525f887ffd9d8e73b21e5d70ac5da0098f98b4cce265f05847a7	5ee0abae62e450d6d3bb4d43861f4cb1ff4f53a3d0d304ea9a68b4e0a434eacd
18	G4D-36	dots96	runs/aiwf_medium_context/20260803T182441_google_gemma-4-26B-A4B-it_1a24c375	strict_complete	30	24	b5e5f78640561a78061ea6d5d4e39b24e66f9e7946ef1f2b28162a9a5a3219db	4910239efd365e618fc8b43401fb385dec2a72a8b4522bee8df42d387c7d832f	0d9f5c9ec128890c3ad5370ed4db3f7eff2cf992f3d808530f832798846a5256
19	G4D-37	nofiller	runs/aiwf_medium_context/20260803T182605_google_gemma-4-26B-A4B-it_11c5d0e4	strict_complete	30	24	0436db58f2e7b9dd7da4c0c4d561d3abf6570b79e6cecab479468ac8656bd4fe	56cd77849a8083993f03e7d8edf8d59c25db9a1a18e5d7bdb6f2b50f77394ced	bf12f6e746c04fb85d6dbd74bd1de5fc104cd53d9e42a04c01eb2a35992db736
19	G4D-38	dots96	runs/aiwf_medium_context/20260803T182655_google_gemma-4-26B-A4B-it_2dc0b154	strict_complete	30	25	e8daf36aa6f634b050f21933ae03f4d894bf39bd82b5b33230942a202aa4c3c3	3619ffa2189c16e47ef5997339ef8ca77e842224089a424fc823e81d3bb46c2c	c746e4ede91874aa26cf58c5bce9296facfd2a08bab744781b84e3dfd711f4cd
20	G4D-39	nofiller	runs/aiwf_medium_context/20260803T182725_google_gemma-4-26B-A4B-it_983edadf	strict_complete	30	24	6f0622d305218f4f04e0bc99d90027165e884f9b2777ce4148a9f0db9aba1c38	c6d37faf566a614d90993be0d134b9e7ec11bb056d7a318f7070548d917e0cd4	55eade1ffa8cf97b4c420b8fe4c2a953ac36ed39b5a9a71233bdc3169315235c
20	G4D-40	dots96	runs/aiwf_medium_context/20260803T182754_google_gemma-4-26B-A4B-it_984bd976	strict_complete	30	27	8f58ded78cc6ea0878cfef6d982d6df6fec87fb55ee484b7caf978bc548ac154	1811ff9eb0212f9b56856663e5a9c1647fb9b6a73fce7f4bf0cc43d2614dd924	77d735af3ca5018d32e7f3c2c1754030eeffd6fd442679697b3c01bf26ebdf8a
21	G4D-41	nofiller	runs/aiwf_medium_context/20260803T182823_google_gemma-4-26B-A4B-it_228cc534	strict_complete	30	25	589b0e4495bf343ed6cb097f65e6c5a2a5f2958a7e7753f73a858ee151620ea5	b504db3211f434a045ff91020a7d9ab3006a75d45990ed2fa070806dbe466f0b	5c33d6ecec759663fb0cb5ca0dd9a771c6ccfee70e79352497afb9945e7454e3
21	G4D-42	dots96	runs/aiwf_medium_context/20260803T182853_google_gemma-4-26B-A4B-it_34b7d0bb	strict_complete	30	25	833793c24f4b0d3a44a566e4de48ced8e2096780b8fd1c193ade5892e18cae17	369614477f29a329579bc473c566c6245c836c4771c002164e8609ce3c0e4d6c	0ab6d34b32b4b6850fa99caa217ad5dd5ed219b6c2f735f4e0500b449e3abd9e
22	G4D-43	nofiller	runs/aiwf_medium_context/20260803T182932_google_gemma-4-26B-A4B-it_7936d00b	strict_complete	30	24	3e953e52edc1755deef3614cdb8680299e379a590dad06a5c10e9a9aa33473dc	c6ce387150323832d4b8db3f65653110b4be848269a12017157aca3a4a527b3d	872458a072b6badcc3990c6141b743db4ca7267eea2d7449081241ef44852c9a
22	G4D-44	dots96	runs/aiwf_medium_context/20260803T183021_google_gemma-4-26B-A4B-it_b57f35ef	strict_complete	30	24	a563989bdd51e44ef50d73621788f618c276a3b39850850709a9b8c5e76276d8	3aff2f6905440605205f71c6753d44d90f98b16334ede40f6c7e039ef5f641cd	6a515bb7d5deb7835bc94ac54df4b5190202e25ba00c682615a8bd1cafadf40e
23	G4D-45	dots96	runs/aiwf_medium_context/20260803T183119_google_gemma-4-26B-A4B-it_9d6e8575	strict_complete	30	26	740b4bc761956514729075e574362862818560e1b67553b6d32d373b54f9f9ba	f7cfb3acfdb7e426a3d00d56daecdd911ba2f0229f4029a51b1b27fe28f5ee8e	c5fceacf37785ba0f8d883b99b2d03058ccebcc0278500cae2471e64bd2ffb9f
23	G4D-46	nofiller	runs/aiwf_medium_context/20260803T183147_google_gemma-4-26B-A4B-it_a1c0476c	strict_complete	30	24	16a9a1c97585e9cefce95bfa05d1ae43e41698d23662ab2379b13d17d67ae03c	c4d48efc33d6b40a1fc00ccda6c6a456d3a1d0461705f756702fe4f84bebe33a	139e7e683ad7e7da2623bec062b32fc4ff7339be7ac29ef1170426b0b08023b3
24	G4D-47	dots96	runs/aiwf_medium_context/20260803T183218_google_gemma-4-26B-A4B-it_83f0a1f2	strict_complete	30	23	6da6c27ef8c28ddc18f96aef668a3996a266103563cc9e25d7aa851b2c792af8	e8bd066c22a1c3eb10348c3a333f4ff56dedcc1420f59cfdbe65701dcea5851c	79c478425097e7ee6b7bdc711f908754c83312b62cedf57ef7e72a7c2a2da2f5
24	G4D-48	nofiller	runs/aiwf_medium_context/20260803T183257_google_gemma-4-26B-A4B-it_0cd5c7be	strict_complete	30	24	a2b6f5167df4960e3889da64e40088f3f0388d2292d55d343c88ec06c1f4a493	246e15fec151299b6d78b12006a28afea7afb7a1875630f096b207a696ccc71c	0fee3c972254de111ac67701035dc1ad30516432e4645677376bae8cbf537aa4
25	G4D-49	dots96	runs/aiwf_medium_context/20260803T183326_google_gemma-4-26B-A4B-it_abbbf6a1	recovery_end_session	12	11	c16d3b200aa750d8be3e9223298a9d529661c7eb63a0632cb6d889150e2e54fa	1c0cb6cdb61045f3e412b7f997bee3869cee80fa71bfb96dceba87e02e24583b	914c177271471448d23d419b3d9ad7f4cb770713ebf953baa7f9332140949a7e
25	G4D-50	nofiller	runs/aiwf_medium_context/20260803T183338_google_gemma-4-26B-A4B-it_22860f99	strict_complete	30	24	c51857a5ade0eafc3c1681cf822a5b50db7920d385719a4eb8aa3034b5e33776	10d2c9a65bacb8696cc47c635576c716545eb2fbfa5c75668ee4293059da22db	7db35c6332624de8785435732f1ac2a16704c4f7d829b983abb6157b68337b64
26	G4D-51	nofiller	runs/aiwf_medium_context/20260803T183407_google_gemma-4-26B-A4B-it_30fa03a6	strict_complete	30	24	bf761b2ea335a87fd582578b6780e2d30de6e5b0f8c8f97c64be09136cb0ac42	6e0d99d03f7feb899dd46a35c16fcc6ed3cb78918056c6e04ff2c12cc3fe436c	2a6ce68151f2a080ff4c1f44c2b3dcdd4df5406a7ee5e759fb1fd095c566dd08
26	G4D-52	dots96	runs/aiwf_medium_context/20260803T183436_google_gemma-4-26B-A4B-it_a50f3807	strict_complete	30	24	f3ea225503d3dc4ee17c17f0f58883c7bdcf0b559afa9c6a8218aa091d89133e	45aa5daf7b2316cdc60efe37deb61c426d18206d36b517b834d319174ade5c89	6a60607201431ef410b4f17ec2d922c5ef293333ffcee3907e5b63a2cab65808
27	G4D-53	nofiller	runs/aiwf_medium_context/20260803T183505_google_gemma-4-26B-A4B-it_7655fa26	strict_complete	30	24	f17f7721e8c0a6119a71cedfc737d0859a5c4822b71d0c1837b95bb3e2ebd01b	e19d6ad7cb01167c0d279f0e405d2f4a9082c7621164702dddbf9f943c7bf243	307b8910a4388c95439c90a1dc0021571fb1c6809243aaeeb712c6b09647d4bb
27	G4D-54	dots96	runs/aiwf_medium_context/20260803T183543_google_gemma-4-26B-A4B-it_7ad799bf	strict_complete	30	24	72a57bd5ff46f5ee0d3476c59ca93fe9f71104f2afd48f18acb6116048afdd66	89ebfccdbaa7fe79e47c8b6dc080dd0a3c1bceb79f8a731334a3dcd3b1faa5a1	b8b09e412d2b20eca535baa2cb5ea599d0f1036bcfcf8d0eb158bf79099097bf
28	G4D-55	dots96	runs/aiwf_medium_context/20260803T183612_google_gemma-4-26B-A4B-it_85af54bc	strict_complete	30	24	1c3fcddef17dab5f32a66a5589280b86b1dc486ea3b38ec87f61b5d08a137852	79e04f8c0fa26cae59e3735854b37770e3c33bcbce49a0524c36d28f3b1bba8f	c783c653a220b1b9592f19f08b69bdd2f6284281654805b9f45744cac1f3b0ff
28	G4D-56	nofiller	runs/aiwf_medium_context/20260803T183643_google_gemma-4-26B-A4B-it_96c4cf45	strict_complete	30	24	811fa9e26e52014356a7ed041216bd557b9ad405d0352b8b221a740053e30438	973c9c0f941fc39ddbdb33da7f23805046d32d9ffbba1949cc8542d1bcce243e	1e598f848a16ee132a17feb048c0ce3a911ae86452d71d2039b0a943e2b6e1aa
29	G4D-57	dots96	runs/aiwf_medium_context/20260803T183713_google_gemma-4-26B-A4B-it_3f634d93	strict_complete	30	24	62e8537aac2e07f0ac4833a201e9d76bb1c8428d136414f9074dbc3a1ce64943	206907734fd0c713893f7f2acc622691179df5026f4c5be70fd8226c0901e661	6952798485f8869932cfd5ecd6eeaed8b9ad547353a4c184c8cae1d8802a6df8
29	G4D-58	nofiller	runs/aiwf_medium_context/20260803T183743_google_gemma-4-26B-A4B-it_b6eb7345	strict_complete	30	25	6f4ee5e5521c5a96296a079999a417c6c9fe6415d16bdfa4657d9f11240addc6	0babcbae9adedec890d2f9a85522bfe8304b94b5f25da605ffd8e9f85b25d2fa	d7c2f0ea11a3e9414ae8e3a3a264b86f1e1e311e55828990902278ce8fa1dd6d
30	G4D-59	nofiller	runs/aiwf_medium_context/20260803T183812_google_gemma-4-26B-A4B-it_f750e45a	strict_complete	30	24	ad6b579f728d947b58c2363ce52bd2d1ec3c4737aa09867da51f130f8a1b8dfb	3c8606d8cb4ba8554082ec0305dd6fa6893bfd22413fbeedb9c54246887fabfc	77b0a02201e7115f95a16999c48041c87b152354ac96e911a8479d990673d78a
30	G4D-60	dots96	runs/aiwf_medium_context/20260803T183841_google_gemma-4-26B-A4B-it_82a89ef5	strict_complete	30	23	4bd412675211a17a39546c8ba57600ddd3f7e325732bdc5f66790cb0afc3530e	0fb979503a86ce7050fa5ef40ec5b4d4275f09979653c067177fb5f4271023cb	49bf9ab5b623f8722a0f208e91afd3f6164a0c14dee452b171f2f251080b7cc1
