nemsuper_think_dots96	runs/aiwf_medium_context/20260719T133859_nvidia_Nemotron-120B-A12B_531c291d
nemsuper_think_dots96	runs/aiwf_medium_context/20260719T134049_nvidia_Nemotron-120B-A12B_7990f3b3
nemsuper_think_dots96	runs/aiwf_medium_context/20260719T134245_nvidia_Nemotron-120B-A12B_abaead87
nemsuper_think_dots96	runs/aiwf_medium_context/20260719T134618_nvidia_Nemotron-120B-A12B_ee0dc717
nemsuper_think_dash96	runs/aiwf_medium_context/20260719T134856_nvidia_Nemotron-120B-A12B_68a360cd
nemsuper_think_dash96	runs/aiwf_medium_context/20260719T135125_nvidia_Nemotron-120B-A12B_6e5ed8e3
nemsuper_think_nofiller	runs/aiwf_medium_context/20260719T135329_nvidia_Nemotron-120B-A12B_924749d7
nemsuper_think_nofiller	runs/aiwf_medium_context/20260719T135601_nvidia_Nemotron-120B-A12B_2b06356d
nemsuper_nothink_nofiller	runs/aiwf_medium_context/20260719T135822_nvidia_Nemotron-120B-A12B_68f4d3c1
nemsuper_think_nofiller	runs/aiwf_medium_context/20260719T140131_nvidia_Nemotron-120B-A12B_50b2c9e6
nemsuper_nothink_nofiller	runs/aiwf_medium_context/20260719T140414_nvidia_Nemotron-120B-A12B_bc442b62
nemsuper_think_nofiller	runs/aiwf_medium_context/20260719T140607_nvidia_Nemotron-120B-A12B_adaf9342
nemsuper_nothink_nofiller	runs/aiwf_medium_context/20260719T140824_nvidia_Nemotron-120B-A12B_165f79a4
nemsuper_think_nofiller	runs/aiwf_medium_context/20260719T141032_nvidia_Nemotron-120B-A12B_83052049
nemsuper_nothink_nofiller	runs/aiwf_medium_context/20260719T141235_nvidia_Nemotron-120B-A12B_1c672f21
nemsuper_think_nofiller	runs/aiwf_medium_context/20260719T141429_nvidia_Nemotron-120B-A12B_129b8bae
nemsuper_nothink_nofiller	runs/aiwf_medium_context/20260719T141642_nvidia_Nemotron-120B-A12B_547f998b
