slot	stage_cap	arm	attempt	started_at	finished_at	exit_code	run_dir	scheduled_rows	response_turns	end_session_turn	classification	log
DOT-01	6	dots96	1	2026-07-31T18:44:27+00:00	2026-07-31T18:44:54+00:00	0	runs/aiwf_medium_context/20260731T114430_thinkingmachines_inkling-small_c2e359e3	30	30	29	strict_complete	ops/baseten-inkling-small/aiewf-medium-none-dots-adaptive-20260731/logs/DOT-01-attempt-1.log
DOT-02	6	dots96	1	2026-07-31T18:44:54+00:00	2026-07-31T18:45:24+00:00	0	runs/aiwf_medium_context/20260731T114503_thinkingmachines_inkling-small_6f4dea40	29	29	28	model_abort	ops/baseten-inkling-small/aiewf-medium-none-dots-adaptive-20260731/logs/DOT-02-attempt-1.log
DOT-03	6	dots96	1	2026-07-31T18:45:24+00:00	2026-07-31T18:46:37+00:00	0	runs/aiwf_medium_context/20260731T114527_thinkingmachines_inkling-small_7bba2dd5	28	28	-1	incomplete_no_end_session	ops/baseten-inkling-small/aiewf-medium-none-dots-adaptive-20260731/logs/DOT-03-attempt-1.log
DOT-04	6	dots96	1	2026-07-31T18:46:37+00:00	2026-07-31T18:47:01+00:00	0	runs/aiwf_medium_context/20260731T114639_thinkingmachines_inkling-small_bf4b060e	30	30	29	strict_complete	ops/baseten-inkling-small/aiewf-medium-none-dots-adaptive-20260731/logs/DOT-04-attempt-1.log
DOT-05	6	dots96	1	2026-07-31T18:47:01+00:00	2026-07-31T18:48:11+00:00	0	runs/aiwf_medium_context/20260731T114702_thinkingmachines_inkling-small_623ffa02	25	25	-1	incomplete_no_end_session	ops/baseten-inkling-small/aiewf-medium-none-dots-adaptive-20260731/logs/DOT-05-attempt-1.log
DOT-06	6	dots96	1	2026-07-31T18:48:11+00:00	2026-07-31T18:48:34+00:00	0	runs/aiwf_medium_context/20260731T114815_thinkingmachines_inkling-small_70cfb62e	30	30	29	strict_complete	ops/baseten-inkling-small/aiewf-medium-none-dots-adaptive-20260731/logs/DOT-06-attempt-1.log
DOT-07	10	dots96	1	2026-08-03T21:23:10+00:00	2026-08-03T21:23:42+00:00	0	runs/aiwf_medium_context/20260803T142311_thinkingmachines_inkling-small_38973ca0	30	30	29	strict_complete	ops/baseten-inkling-small/aiewf-medium-none-dots-adaptive-20260731/logs/DOT-07-attempt-1.log
DOT-08	10	dots96	1	2026-08-03T21:23:42+00:00	2026-08-03T21:24:03+00:00	0	runs/aiwf_medium_context/20260803T142344_thinkingmachines_inkling-small_a4958212	29	29	28	model_abort	ops/baseten-inkling-small/aiewf-medium-none-dots-adaptive-20260731/logs/DOT-08-attempt-1.log
DOT-09	10	dots96	1	2026-08-03T21:24:03+00:00	2026-08-03T21:24:15+00:00	0	runs/aiwf_medium_context/20260803T142405_thinkingmachines_inkling-small_e14caaa8	16	16	15	model_abort	ops/baseten-inkling-small/aiewf-medium-none-dots-adaptive-20260731/logs/DOT-09-attempt-1.log
DOT-10	10	dots96	1	2026-08-03T21:24:15+00:00	2026-08-03T21:25:14+00:00	0	runs/aiwf_medium_context/20260803T142417_thinkingmachines_inkling-small_b5c19274	11	11	-1	incomplete_no_end_session	ops/baseten-inkling-small/aiewf-medium-none-dots-adaptive-20260731/logs/DOT-10-attempt-1.log
DOT-11	30	dots96	1	2026-08-03T21:30:25+00:00	2026-08-03T21:30:45+00:00	0	runs/aiwf_medium_context/20260803T143026_thinkingmachines_inkling-small_ba7093de	29	29	28	model_abort	ops/baseten-inkling-small/aiewf-medium-none-dots-adaptive-20260731/logs/DOT-11-attempt-1.log
DOT-12	30	dots96	1	2026-08-03T21:30:45+00:00	2026-08-03T21:31:07+00:00	0	runs/aiwf_medium_context/20260803T143046_thinkingmachines_inkling-small_f8696766	30	30	29	strict_complete	ops/baseten-inkling-small/aiewf-medium-none-dots-adaptive-20260731/logs/DOT-12-attempt-1.log
DOT-13	30	dots96	1	2026-08-03T21:31:07+00:00	2026-08-03T21:32:13+00:00	0	runs/aiwf_medium_context/20260803T143109_thinkingmachines_inkling-small_4413a3e2	19	19	-1	incomplete_no_end_session	ops/baseten-inkling-small/aiewf-medium-none-dots-adaptive-20260731/logs/DOT-13-attempt-1.log
DOT-14	30	dots96	1	2026-08-03T21:32:13+00:00	2026-08-03T21:32:33+00:00	0	runs/aiwf_medium_context/20260803T143214_thinkingmachines_inkling-small_a786369f	30	30	29	strict_complete	ops/baseten-inkling-small/aiewf-medium-none-dots-adaptive-20260731/logs/DOT-14-attempt-1.log
DOT-15	30	dots96	1	2026-08-03T21:32:33+00:00	2026-08-03T21:33:43+00:00	0	runs/aiwf_medium_context/20260803T143235_thinkingmachines_inkling-small_64af5305	23	23	-1	incomplete_no_end_session	ops/baseten-inkling-small/aiewf-medium-none-dots-adaptive-20260731/logs/DOT-15-attempt-1.log
DOT-16	30	dots96	1	2026-08-03T21:33:43+00:00	2026-08-03T21:34:05+00:00	0	runs/aiwf_medium_context/20260803T143344_thinkingmachines_inkling-small_8f5528a0	29	29	28	model_abort	ops/baseten-inkling-small/aiewf-medium-none-dots-adaptive-20260731/logs/DOT-16-attempt-1.log
DOT-17	30	dots96	1	2026-08-03T21:34:05+00:00	2026-08-03T21:35:18+00:00	0	runs/aiwf_medium_context/20260803T143407_thinkingmachines_inkling-small_a9aaa7d2	29	29	-1	incomplete_no_end_session	ops/baseten-inkling-small/aiewf-medium-none-dots-adaptive-20260731/logs/DOT-17-attempt-1.log
DOT-18	30	dots96	1	2026-08-03T21:35:18+00:00	2026-08-03T21:35:36+00:00	0	runs/aiwf_medium_context/20260803T143519_thinkingmachines_inkling-small_0baa6b00	29	29	28	model_abort	ops/baseten-inkling-small/aiewf-medium-none-dots-adaptive-20260731/logs/DOT-18-attempt-1.log
DOT-19	30	dots96	1	2026-08-03T21:35:36+00:00	2026-08-03T21:36:41+00:00	0	runs/aiwf_medium_context/20260803T143537_thinkingmachines_inkling-small_7da0b4f3	21	21	-1	incomplete_no_end_session	ops/baseten-inkling-small/aiewf-medium-none-dots-adaptive-20260731/logs/DOT-19-attempt-1.log
DOT-20	30	dots96	1	2026-08-03T21:36:41+00:00	2026-08-03T21:37:02+00:00	0	runs/aiwf_medium_context/20260803T143643_thinkingmachines_inkling-small_e4d8ee70	30	30	29	strict_complete	ops/baseten-inkling-small/aiewf-medium-none-dots-adaptive-20260731/logs/DOT-20-attempt-1.log
DOT-21	30	dots96	1	2026-08-03T21:37:02+00:00	2026-08-03T21:38:10+00:00	0	runs/aiwf_medium_context/20260803T143703_thinkingmachines_inkling-small_c5d75982	23	23	-1	incomplete_no_end_session	ops/baseten-inkling-small/aiewf-medium-none-dots-adaptive-20260731/logs/DOT-21-attempt-1.log
DOT-22	30	dots96	1	2026-08-03T21:38:10+00:00	2026-08-03T21:38:30+00:00	0	runs/aiwf_medium_context/20260803T143811_thinkingmachines_inkling-small_2a6c7199	30	30	29	strict_complete	ops/baseten-inkling-small/aiewf-medium-none-dots-adaptive-20260731/logs/DOT-22-attempt-1.log
DOT-23	30	dots96	1	2026-08-03T21:38:30+00:00	2026-08-03T21:39:37+00:00	0	runs/aiwf_medium_context/20260803T143831_thinkingmachines_inkling-small_405d21a2	22	22	-1	incomplete_no_end_session	ops/baseten-inkling-small/aiewf-medium-none-dots-adaptive-20260731/logs/DOT-23-attempt-1.log
DOT-24	30	dots96	1	2026-08-03T21:39:37+00:00	2026-08-03T21:40:03+00:00	0	runs/aiwf_medium_context/20260803T143938_thinkingmachines_inkling-small_99078217	29	29	28	model_abort	ops/baseten-inkling-small/aiewf-medium-none-dots-adaptive-20260731/logs/DOT-24-attempt-1.log
DOT-25	30	dots96	1	2026-08-03T21:40:03+00:00	2026-08-03T21:41:13+00:00	0	runs/aiwf_medium_context/20260803T144005_thinkingmachines_inkling-small_8a6ea072	28	28	-1	incomplete_no_end_session	ops/baseten-inkling-small/aiewf-medium-none-dots-adaptive-20260731/logs/DOT-25-attempt-1.log
DOT-26	30	dots96	1	2026-08-03T21:41:13+00:00	2026-08-03T21:41:34+00:00	0	runs/aiwf_medium_context/20260803T144115_thinkingmachines_inkling-small_40ce7417	29	29	28	model_abort	ops/baseten-inkling-small/aiewf-medium-none-dots-adaptive-20260731/logs/DOT-26-attempt-1.log
DOT-27	30	dots96	1	2026-08-03T21:41:34+00:00	2026-08-03T21:42:35+00:00	0	runs/aiwf_medium_context/20260803T144135_thinkingmachines_inkling-small_ea80caae	18	18	-1	incomplete_no_end_session	ops/baseten-inkling-small/aiewf-medium-none-dots-adaptive-20260731/logs/DOT-27-attempt-1.log
DOT-28	30	dots96	1	2026-08-03T21:42:35+00:00	2026-08-03T21:42:59+00:00	0	runs/aiwf_medium_context/20260803T144236_thinkingmachines_inkling-small_d95a91a9	30	30	29	strict_complete	ops/baseten-inkling-small/aiewf-medium-none-dots-adaptive-20260731/logs/DOT-28-attempt-1.log
DOT-29	30	dots96	1	2026-08-03T21:42:59+00:00	2026-08-03T21:43:25+00:00	0	runs/aiwf_medium_context/20260803T144300_thinkingmachines_inkling-small_aeb80e57	29	29	28	model_abort	ops/baseten-inkling-small/aiewf-medium-none-dots-adaptive-20260731/logs/DOT-29-attempt-1.log
DOT-30	30	dots96	1	2026-08-03T21:43:25+00:00	2026-08-03T21:44:14+00:00	0	runs/aiwf_medium_context/20260803T144327_thinkingmachines_inkling-small_dd823c03	0	0	-1	infra_zero_response_replaced	ops/baseten-inkling-small/aiewf-medium-none-dots-adaptive-20260731/logs/DOT-30-attempt-1.log
DOT-30	30	dots96	2	2026-08-03T21:44:14+00:00	2026-08-03T21:44:35+00:00	0	runs/aiwf_medium_context/20260803T144415_thinkingmachines_inkling-small_0627eaa7	30	30	29	strict_complete	ops/baseten-inkling-small/aiewf-medium-none-dots-adaptive-20260731/logs/DOT-30-attempt-2.log
