pooled_slot	cohort	cohort_slot	run_dir	classification	observed_turns	transcript_sha256	judgment_sha256	summary_sha256
1	original_n30	1	runs/aiwf_medium_context/20260806T223429Z_google_gemma-4-31B-it_none_slot001_attempt01_943e4a70	complete_30	30	0337c43b9285ca1ed65170fa004905c35ae7e5c08d278c3ae58045cd8725e9bf	d72b45ad6af5eac2aa1b31a1d390947a0e9f8348be9869be2837bc3199569e6f	376eb39b0bacfa68bd6eed3fd62250c3f0ce642c9a5985bad7b60c0625fcea72
2	original_n30	2	runs/aiwf_medium_context/20260806T223508Z_google_gemma-4-31B-it_none_slot002_attempt01_3763914a	complete_30	30	e12b95522fd0305ceefb0e6cb9d227357ca3db10c61bb1df2933307d03fce9d1	ec85cf1ea77b8a406869fd8f82e99ee064780174dca52880e0003074b21f21ec	ee8c1e8d34e346b846ca92f1e078e53e0bf2cdd0d1554f5046610b204850e296
3	original_n30	3	runs/aiwf_medium_context/20260806T223545Z_google_gemma-4-31B-it_none_slot003_attempt01_9c36d220	complete_30	30	edae8f2fc5b26500d1f5a05fd08457104ce6ee0e5f2840cf140797ed69e29939	7e887e47e32a67300cd32defd69d25460438a80c61c2ca72e30345c5af9bbe40	cbf0895777c821bdbb33484668594647bd034278e00fcea034e12867bcd28bc0
4	original_n30	4	runs/aiwf_medium_context/20260806T223622Z_google_gemma-4-31B-it_none_slot004_attempt01_21c5a12d	complete_30	30	049b2e94c615d25e8aace959e184e32b7c71779c2a999dd84d9dd0cca7497ebe	75930d255c0bae7d3b50fbcf534c61b66536fa7fb250a67b45b42666728091ae	b30f55d4cdbdb232f6abc6be4ab9a4f144a04c2327a7667f55a04159a262e77d
5	original_n30	5	runs/aiwf_medium_context/20260806T223659Z_google_gemma-4-31B-it_none_slot005_attempt01_8256ce2a	complete_30	30	21a894c84e7d5394d6b705b51f0592fe9b6371e25b2d1c8aaa83645e577337f9	d6a8674da43e85a559933e9fc45b354c8e1d11ecd471e1882370e9be3eabf425	970e35c51a561453b161056f6db87b99edbb3f08856d455288225f6a85dc103c
6	original_n30	6	runs/aiwf_medium_context/20260806T223734Z_google_gemma-4-31B-it_none_slot006_attempt01_9bec04b5	complete_30	30	bfe10badf347c10b86053f2b04ff99934dc4353670ea8000473f4d7e6a29a859	30d85dffdc6987a2bdd6c6e428b4516c7404437dd9fa82707536b9f1f6d38533	b475c6f31bcf4ef69f2061991a9577a6f3aa7f74b2b7c54c02bf92f879dd92ab
7	original_n30	7	runs/aiwf_medium_context/20260806T223809Z_google_gemma-4-31B-it_none_slot007_attempt01_11a5cf91	complete_30	30	0a3e33e73456cd96a8da8a3eeea51d9b68ece3efdb38b4bac34333b9e35a9e8a	8a2e27e4ed62590ca6ea866469182efed7f30074e06f31b73944e48144a38c8e	d666753064375acf89b6ce2cdbe1614e7073300c95fa141b6d252feaa02c9675
8	original_n30	8	runs/aiwf_medium_context/20260806T223845Z_google_gemma-4-31B-it_none_slot008_attempt01_19e39408	complete_30	30	4729201d2c1cb4fa23bff00f66ee82a622dcdbb3b95708bbd3e386d4504c00a7	f9f3f3f01474e80df62b5ae3084552809e5de7db5c979d96d3ac98f78c5f9348	a9a4eb09b2bde79a2aa6678440dfc03af8afb08ca222201aacbd2ff0fd60e41e
9	original_n30	9	runs/aiwf_medium_context/20260806T223923Z_google_gemma-4-31B-it_none_slot009_attempt01_5d2978df	complete_30	30	06e7a6cc6162d428f630c10bb1ecc7e1d49ddb96ffacf6b5912069b4789afc18	eebf8c86f49e58d86095dc5ae0cccb8b0f7f0e36d2aa07d4d49cde844a6081b7	5b53a67508f3f86e2e3c8d1188a727dca58c0974eee583bd0c1af8e821aa726a
10	original_n30	10	runs/aiwf_medium_context/20260806T223958Z_google_gemma-4-31B-it_none_slot010_attempt01_580dc03f	complete_30	30	bf8821e24b15f84a137be2722040caf53d9124c9d8380236ef9785c960841f66	5c732ff12baddfe1e594bdac7ee89fa01f5c31eeb888806f8ed25dcf75a10885	7ccd50d9a32957d9745f7f115cddf8f2b4033252e91897385e8f51a8f412d0e6
11	original_n30	11	runs/aiwf_medium_context/20260806T224035Z_google_gemma-4-31B-it_none_slot011_attempt01_d2cd8e81	complete_30	30	c33dfb809a668c4ec54cc51b134a1d1e21c8d736f6d9cc9a57d85c7fa0e9f277	7ded618e92bcdc4461368ab69cb4ec593521519f2198000d1e4c69e21934bc0d	6d0a549f12ba92876b3bd2704f85b55531ac9fb8c9ed2c2bb0fef7c9231943d8
12	original_n30	12	runs/aiwf_medium_context/20260806T224112Z_google_gemma-4-31B-it_none_slot012_attempt01_c42c5d75	complete_30	30	0ada92cba6349db53037f2cd572ca3025569617c707599264f0f54eafaf193b3	b2f262af6b74535b2ab94b267a1197f0f69a5249381ee6d131f56925ff69fef4	3fa6272621f1f90bae304cd6432ebffa232be104f1766273143f9ec6a4ae41b4
13	original_n30	13	runs/aiwf_medium_context/20260806T224149Z_google_gemma-4-31B-it_none_slot013_attempt01_9c087756	complete_30	30	3882a3d1d16b07cac3847297f184576c7ea8064c55eaa8a46b9633bca7abc426	8b8518691d7b2c92723644b587222ef802bb938696b4bafa5a83f2d093f377a5	53a67c7b198c53dc03815324fad18dbdc1775dec67913570368fb9aebde22596
14	original_n30	14	runs/aiwf_medium_context/20260806T224225Z_google_gemma-4-31B-it_none_slot014_attempt01_ef7c6994	complete_30	30	48c1772a8bafd5abba752cadef2fc0274a96502fcedfcf935b282bad1889edd0	794894dab45669a6a61edb04aa401ae6dd30964b6337f98189116bb9ccc476cf	c85473b5c17c0accee71f104a5028c5759b866595d071c9df092feb54dd888c2
15	original_n30	15	runs/aiwf_medium_context/20260806T224301Z_google_gemma-4-31B-it_none_slot015_attempt01_ad4d5766	complete_30	30	ab05b81074b19dea792bf05a9a6822856e7689076da85a7af2298a5a24325ea9	7bf668733a34b11c76a6ab8df2e8478fadae8151ac033a253289f3b9245e2396	ac18172850608212c6ef9b44f9ba0a57c6d6d22820a9b4b879ac9a9f2b447129
16	original_n30	16	runs/aiwf_medium_context/20260806T224336Z_google_gemma-4-31B-it_none_slot016_attempt01_18b6edcc	complete_30	30	49b9c821c8fca6d6143cb59f09514fcab8e14092b3fd67048aec036a7420e671	ecb0e662f46419c472c32306394937d1c86069d9ca609271da5745823bc5fc69	22c6ac0cb7d1c143b1206bcaad9781159dc9c6da44b5e53525ec2a47798fba37
17	original_n30	17	runs/aiwf_medium_context/20260806T224411Z_google_gemma-4-31B-it_none_slot017_attempt01_ea4ad44f	complete_30	30	51a645c7a52bc2e35a691a63d7fa0b894bc19480bb98fef6a6938b3590d32af1	a7ed3d3fe457ebaa83be0fa72c0d961844cf5449dd1754c6ea9d8fe2b34654ec	907f67c65f68b3ec0d60de1bc77c1a12995b2447efa7471e3e38d23d075ce948
18	original_n30	18	runs/aiwf_medium_context/20260806T224449Z_google_gemma-4-31B-it_none_slot018_attempt01_96906d1e	complete_30	30	31219fbcf388e82b67921fc9e3afef4faadb978c24294a6c77f7149a83447f5b	ab8d0bf98372447f5447401f09cebc3059e782efcf5f1bc5af75768054e205a8	6ec88e620c32deb2c9bd61b9895c890f8b1566e1e1d7c2dc687a13d770fd7f0d
19	original_n30	19	runs/aiwf_medium_context/20260806T224526Z_google_gemma-4-31B-it_none_slot019_attempt01_5fc41c2c	complete_30	30	7d46e5e992736590a2f860c52704c2e9a18cde706182d934cbd5355348d4e6ae	0161842c1a40f7dc50ab38e0d4f1e9d87614accc8a312b3e9b603c1a65eb6b83	038ed1ef38326903ac2805632b39871d16369f00d0752bd569724c8cdadee439
20	original_n30	20	runs/aiwf_medium_context/20260806T224601Z_google_gemma-4-31B-it_none_slot020_attempt01_9ac6573b	complete_30	30	f79d9ee59ad6e591e974f52f86401e484cb269954867f6d9542a147b2be3b045	61e84f3c9d55fa035d44fd52f3601927a30732376a244fd2b5df56dd8b45bf4c	b10c7e0f1a192fa5b337d6bece513540bf7fb0962c5354e41c0058dd24549a68
21	original_n30	21	runs/aiwf_medium_context/20260806T224639Z_google_gemma-4-31B-it_none_slot021_attempt01_0dcc31eb	complete_30	30	8da07654d21ab7eb53cb2b8a1b901c9f2594643efb0986eb5a9282c680de1cee	cf39296346e4a4a241f8bf6b395f70a02a36392e73a31534bf2dce51af2dd8d2	b9ecd1a3ad58c43413a1b6b54045c9ea3c8df474a6d938e09aca67d918059a7f
22	original_n30	22	runs/aiwf_medium_context/20260806T224717Z_google_gemma-4-31B-it_none_slot022_attempt01_b70ca82e	complete_30	30	46ca2c448a8cf7453789c22126c8f97d0e3abcd5105b9c2fed6fdbb0bca71d43	4ffd52ff29c90898704cc06698db8c4688a542c74451e2372134919c50bdf0f2	8c08e3e7b00cc57b735cd8dfd30089343a07f16cc8bcc96dd9f56dbcb4af7120
23	original_n30	23	runs/aiwf_medium_context/20260806T224753Z_google_gemma-4-31B-it_none_slot023_attempt01_1eedeb48	complete_30	30	216ddcda22d2bff68f8eccf3a3e8a12370d7d40f3799d475c3467ed3c7ef4ef0	10f7054455bf86d3505f9c5d3868b45d02121cfc1372010ef113df429539ab54	965c4c892b2ac016b5b7b532aa5d7eea5300eb307e88f9f3cc1bd669d901a929
24	original_n30	24	runs/aiwf_medium_context/20260806T224830Z_google_gemma-4-31B-it_none_slot024_attempt01_c7275a30	complete_30	30	89bc9faa4dec8687233d834388e29c6b9d74dff1df16e58548133db7103e31d0	b501b56533a6ea59454a35dca20c0f655d31c7a4aac9c1ce43dde85af15b2170	173a0494ffcc06e20adeab34d93af76ec158391c24a6da5eb4b78da8091847be
25	original_n30	25	runs/aiwf_medium_context/20260806T224907Z_google_gemma-4-31B-it_none_slot025_attempt01_0c333470	complete_30	30	885ff3a6ca94d944fa8ad3b7c989a3ea08cc3e1255f26863aebe380df7f5be5e	c19c690ec5f9bb82d058895b6781df3ef087b627cb631c973cb77dec00acc814	cc0ae987719eb90dd6e38a541f387e99721edb61fb052067f756d9143b7ac4f9
26	original_n30	26	runs/aiwf_medium_context/20260806T224945Z_google_gemma-4-31B-it_none_slot026_attempt01_9e7449f8	complete_30	30	ce5ca1e65c469d96f7b257374e63d9a4535cce4b25267a78baa81c0ef994b3f4	7924f1f65827d9217c18328174a645a18f2886d49ee3f3cdd88defd80be9a08e	a372edd3e727701948032534d31ad2b94b08e0e8d427b9815a68eb5756f8b775
27	original_n30	27	runs/aiwf_medium_context/20260806T225020Z_google_gemma-4-31B-it_none_slot027_attempt01_3b9d17de	complete_30	30	000a41158b5fa9f5af8cde9038267e89d366265df737a940500867fdb703d78c	1cacb83cb666595d9542eaa23cefca01b0d0c7ca40a6541c2dcccaa929b56094	f9b793cb8b437cc242241aaaea4e0e7e6b1a3fe26b76a563f4a303ec98411a4e
28	original_n30	28	runs/aiwf_medium_context/20260806T225058Z_google_gemma-4-31B-it_none_slot028_attempt01_bf7fdb0a	complete_30	30	77e15f0dd2f0d7d1c7b191630bf127d4215e7476ae43ea0ccce8fac6e2210594	9aeeaa84673ba6457ec5460adc198d61f255f266acc27b1bc715565fd6ae444a	15d7e5e030e7c1e70e22077c909dbd76ef86514510807386e43539b076ae5d13
29	original_n30	29	runs/aiwf_medium_context/20260806T225132Z_google_gemma-4-31B-it_none_slot029_attempt01_736ef423	complete_30	30	e7493cc865cefb153bcbd4470667781c02caf869a8db9374ad315fac52161990	3dfc8249459ce8d1081404224d4dbad1ce014aa02a0b227de8b1fccfd9448aea	22e0cea7ca75c3db89cb1925c7b96abdcdfb63809cec9cd2795ca572c6a3c52d
30	original_n30	30	runs/aiwf_medium_context/20260806T225208Z_google_gemma-4-31B-it_none_slot030_attempt01_59631d27	complete_30	30	5709fd63e4226087b565ac5ce74cd6dd9330f70914644c5c0298f384bca478b3	53f58bbd12f0c1695298af92a63497d13a0d462a3aebae3d1c3e118a8361ece2	8b44fb3e4580c3516bd39919e31f3677aad594b7ea459edf58200f8f2695944d
31	extension_n120	1	runs/aiwf_medium_context/20260807T100500Z_google_gemma-4-31B-it_none_slot001_attempt01_b04f25db	complete_30	30	ab1b5e7a20a2c4d92e3b1397b539b92597c19f73c4683746c78c79997169a3df	980aab18cffa33454a9134afac9497eb64bf5788d6f55d81eaf5f3158d39db91	c39e503b7295afdc557fb1637d0df3ceda409954d099c117842daaa43d1b2bc8
32	extension_n120	2	runs/aiwf_medium_context/20260807T100541Z_google_gemma-4-31B-it_none_slot002_attempt01_1641e81f	complete_30	30	22f3585b47b4efec9931485cf4a5ce8d952d78eb710f2811e26f095b1875614a	511e44a65f91f5d89ebc245d74554e446eb437c32f8adcc3bb8042bb7e4b6c54	e66e000faf70c0854b57f2affaafae2f63bc45d1654775d77aefecd12601a934
33	extension_n120	3	runs/aiwf_medium_context/20260807T100620Z_google_gemma-4-31B-it_none_slot003_attempt01_c1307b65	complete_30	30	f24adf243d616cc301a2c320eedeb8bd5789b19ade03d5f2a31579544edf5f2a	a101164b9d919a3bd5531124ddadf431b1aa0ae909ae80ec17a58b0169311804	a92ab6427fb11176fda623cca68c6e6c0d6adb3ae0deb9f119f3b8a337057901
34	extension_n120	4	runs/aiwf_medium_context/20260807T100722Z_google_gemma-4-31B-it_none_slot004_attempt01_252bbe7e	complete_30	30	4e10c3719fbd95e87cc00d80a1c2731076c4b9eb9c475dfde1bd34a53f5e675c	a0d19bb15e28724f7b16650b66529da7c1eb3956ec0d67084141f2ac2c468fb1	beb24a8ff32e2a5fd2b0b080384b4e16ca5336282ae3a5f3f520714dc8ad306a
35	extension_n120	5	runs/aiwf_medium_context/20260807T100803Z_google_gemma-4-31B-it_none_slot005_attempt01_d29751b3	complete_30	30	6d10946182869b7bbdc4ef28eb53b314bee88a31705341951394ebdc87f63f35	cf51bccc52d0e4721ef1b0f3bcb9f29a4e6aa796a158feb152281a2e81e3de4f	4b387cff2f55822dcfbb6c38fcc40b6704c60ddea3b6febee5be92a8a106e059
36	extension_n120	6	runs/aiwf_medium_context/20260807T100841Z_google_gemma-4-31B-it_none_slot006_attempt01_bf004335	complete_30	30	8140654b1970ba21a43f23e23b86c54f9c09be3ac07de6dcc476346be4e082a1	0d36fc718c3a02725fdc2f3b279048d5555ab436047501b3ad4e65f6b6c18320	c1a7c522c387cf192a5c56c6daf0c4c531295141ef2323817211c460bb6d1b21
37	extension_n120	7	runs/aiwf_medium_context/20260807T100934Z_google_gemma-4-31B-it_none_slot007_attempt01_d8c04745	complete_30	30	72d4efe740d473e2769938c001067fd165d246f4e7876586c0e4499ea3f9a8ce	498bdcf0a58c1110395e8b04a5ff334faa66593fcbc72ca0bcc394205b240f2c	42215832d4606157c44cf56e6d208ad58f6ab1f8a3d60a7325080b8a4b36a99f
38	extension_n120	8	runs/aiwf_medium_context/20260807T101019Z_google_gemma-4-31B-it_none_slot008_attempt01_5e92b1c7	complete_30	30	1af587e2801490cb1f8a701304be93c5d2bea0f645406d211ce691cb1516dc87	0010209322bdbc97ecd53efb49e2e7f030d22263062f8f1c90d39c0399bd2232	906be4c6e1e2938c1eadb3b147fa796aeeebb4ad98aee6f78bbc2d7d1f32474c
39	extension_n120	9	runs/aiwf_medium_context/20260807T101105Z_google_gemma-4-31B-it_none_slot009_attempt01_45ae3f4f	complete_30	30	326694fb8911bab4decb3d947d568630777fb404e4f0d4646bae4d00c5c1addd	72fefbebe5b1a90b5d08f2388b95662975f8dd3624dbc00d3ca7c487708c2e28	4f636944638900dfb50cfc5bcccfcc5a01354bd4eb3c4ce2ac1f33620d733f2e
40	extension_n120	10	runs/aiwf_medium_context/20260807T101150Z_google_gemma-4-31B-it_none_slot010_attempt01_ce50ef83	complete_30	30	02efeafee59fc356784ebfc834b9ef18eb1104250509ab41ecfe71f547a1480b	aa67044743fd489e42564f402606335a459bd8e7e5c3bfcc7010ea506b1b8cf3	808dbd59e52883670bf6fcbe3c1a538a88164498199fa0e59096e3cbf4141ed4
41	extension_n120	11	runs/aiwf_medium_context/20260807T101310Z_google_gemma-4-31B-it_none_slot011_attempt01_2e9ae416	complete_30	30	4b8516095c368476abc812b33a6f55a2969b4d6f0bed4c6b253366997b6af22a	8af8f3cb5eac49527a20fca9790bdc342e4d612873fbd7dc23fd2a9521e5ce82	2ecb58deff3dc0eecfcf44138a0e57299e97dc7ff6df54d2c7fb8b87b07b5669
42	extension_n120	12	runs/aiwf_medium_context/20260807T101405Z_google_gemma-4-31B-it_none_slot012_attempt01_8b031150	complete_30	30	f0db16a2782b4a7953fb003e77370ef1bc9664a3e9c98a5b676999f56477b938	732f66a2914141cec996099e02e43f9e3c37efa00dd46f070f336154bc29a02a	9a7b2204665273453ba46d06c181796aca8b38ba10d3e9d9305db5e693e949fc
43	extension_n120	13	runs/aiwf_medium_context/20260807T101503Z_google_gemma-4-31B-it_none_slot013_attempt01_26e4ab0f	complete_30	30	f48f423dd674ca61c7bd422fa69cc7d7456193772fb87466719bc5d46388d241	7502747d8f0100da93274c5e862ecbaac757c5a08ed78f7d4f858afbaa5c2873	b9ce63b1f351baf874b9aa46b7c87f62bf7434042d3e8b994048761d7c8d65a1
44	extension_n120	14	runs/aiwf_medium_context/20260807T101546Z_google_gemma-4-31B-it_none_slot014_attempt01_a4591645	complete_30	30	2e9e41ef528cb33b9ef635f07dcdd3e14b99de7c8dfe94bc169a8cdb2f9454c1	33d5e25fd5859c5583e5f2e7002ea6bdd00ba7863c2946541e781fc1e20f1175	5679d37d18090c7271621cc0ca237635ce2f2ae865e0d90cededd88875556d13
45	extension_n120	15	runs/aiwf_medium_context/20260807T101629Z_google_gemma-4-31B-it_none_slot015_attempt01_a0097192	complete_30	30	e988ab5d7e96a345bd3d99de201ed61f1a5f36fe9fd9ee3c8625645d8eeeea9d	eb10aad46539d948e7d954e4e60fec652cff7779965b99f7dbd0a23cae2f83f8	c98088896c80163c1bd2fb0d06068707c80835b401353e89b33b9cd98cae891c
46	extension_n120	16	runs/aiwf_medium_context/20260807T101710Z_google_gemma-4-31B-it_none_slot016_attempt01_a45d38fc	complete_30	30	b054aaac133fb370f18612f84521f5071df1bc3f5d467b08d8f1c8b86129a708	1951beefdfeb9fec5ca23349dd0c95b369a7d4b8c518e6c5023947ad2d36af9d	93f3fb222df4b0b51760df6a6f19245867bb1b585bd26b71a95e34be0429d8ec
47	extension_n120	17	runs/aiwf_medium_context/20260807T101748Z_google_gemma-4-31B-it_none_slot017_attempt01_86ed7c9e	complete_30	30	ee0e31cd14f29f44bddf75e3dcf18ce71e1498033f762f3be14ad17e0a7054e7	990b2934fd8537c215ba532ded38ff576f4fd4ce289f68c616e44ef4bd71d98b	407ea443c990dad7ebe4f0e0525e82dc8daf5fc518f0158c198bc4351ca90cab
48	extension_n120	18	runs/aiwf_medium_context/20260807T101841Z_google_gemma-4-31B-it_none_slot018_attempt01_9da2c81c	complete_30	30	9dd5763f05035f1ab9beb1bb3203d810360efa7f195e2bea9b272be7e36f1178	76b7e4fcec2c236e66efb3672139c1497531a94283a396e822e6a482b680414e	2ce290018bcaebdd57c469451adbed7023adcfd2493329640f862d475bdf4ea9
49	extension_n120	19	runs/aiwf_medium_context/20260807T101923Z_google_gemma-4-31B-it_none_slot019_attempt01_56efbee2	complete_30	30	6762cf7839432a6ba9a27a9a7f7243507179c0de2a361c8dcec5c5715d64f22c	4dc3db6612b7b1d9de2716742470ce5e070424b726f6737bc16ee64530c54176	ec13f3c560518b3d17cd90a2d5a8f16534eaa5a581f9b9a07a2649b7bcdf0276
50	extension_n120	20	runs/aiwf_medium_context/20260807T102003Z_google_gemma-4-31B-it_none_slot020_attempt01_6ce7b6c7	complete_30	30	36705e5d5643fd933e8e5ce7ff8108bf68435fbe44e064ad6b8207861afef042	d1fa87ea947d74f8e816b87bf5bb814794c3723f0716a0712338253272dbc755	c92fa14a4f280cc26cb6e9c32b12730007c552bc196aeabb670c2bb6da85e3c9
51	extension_n120	21	runs/aiwf_medium_context/20260807T102041Z_google_gemma-4-31B-it_none_slot021_attempt01_83fbd44d	complete_30	30	a672958476e34227ac9d2f088aa505b80c615942209bf1f4817d407fe95dd025	5c4e17a9c604fc0943566e9a1bf988cfeb229da008f1960c75373a4f9ee2b9b0	897499ed4977b54e53542e6cdeb0359b9fdef4ffa64e6c789424fcda509b73da
52	extension_n120	22	runs/aiwf_medium_context/20260807T102119Z_google_gemma-4-31B-it_none_slot022_attempt01_bf63f686	complete_30	30	ec62e85da6c2104aebf4035dd4c5732824377bd1679fe58ea467d86220846edc	f56a4d8b7628c58d0779dd64ca55b2a6cad2ec8ac75bbc63e1c94700d804cb16	59595430b5bf288fc75c55fe77f861d9af5b0ea980e6eb080c7ac11ce9befb64
53	extension_n120	23	runs/aiwf_medium_context/20260807T102202Z_google_gemma-4-31B-it_none_slot023_attempt01_6699a250	complete_30	30	13a9ef403b9136bdc7b243d3f9d1c71622df2d6393f7bad4f801a02d5fa0ce6a	4a63645521175d002d8574746ba792137c167fddba2cf0eff9118d638a04c3b9	62adce173b3f7cd41d3b58a480a6b68adbf1abe1c0d020b7ba217a3df93f50fe
54	extension_n120	24	runs/aiwf_medium_context/20260807T102308Z_google_gemma-4-31B-it_none_slot024_attempt01_6d639cd1	complete_30	30	4248508c85c01f490abeca8d5f133ba926ddd2e5f54654213d2e08f7ee9673ed	006305a8b636062ba65c3df0f9c2d566d745648fc9372374cf788391d1aca958	694d19fc2982b1d8e2efa004202230ee7fb93a19a70c36d5bd1fad08dea667ab
55	extension_n120	25	runs/aiwf_medium_context/20260807T102403Z_google_gemma-4-31B-it_none_slot025_attempt01_3a198c18	complete_30	30	bc74c0710eae3d937fb2dc67bfcf94128ad7e7c9efcf2932944f7a17ab63feb3	fd3ff8e21ed4b80389040099cb99b6efe7da1b54ae988daf9cf077596f2885db	dd59c3a34efd3cc9161e608661c7aaa8b0f8a56fe71901b82c52bcea8998c48f
56	extension_n120	26	runs/aiwf_medium_context/20260807T102443Z_google_gemma-4-31B-it_none_slot026_attempt01_d5c84eb3	complete_30	30	9cbb447682cbc96f6fe5abd257f4d258a652ea0b34e4bd15d532e55d40146c0c	1d1ebe67b00185317ffd82ace5c4e738191853a351cbe428cb21196b4ba60dfd	4417eebfe8e35fdc6aeb100d289fc10488d2783663b855cb3cfa9bd78b766fd1
57	extension_n120	27	runs/aiwf_medium_context/20260807T102522Z_google_gemma-4-31B-it_none_slot027_attempt01_08201cce	complete_30	30	cd4b64fda536ca6455e5109afecc5b147e0499f7feb7a0271477afe0865fb602	9e641306da5df1792fbbe7abbb57198abd316c1c699d135e2947dae283f14928	47945d931a6df11b94f0f27fb05d45b3e00e4c81165f44d146e858222b7ade84
58	extension_n120	28	runs/aiwf_medium_context/20260807T102602Z_google_gemma-4-31B-it_none_slot028_attempt01_11f9473e	complete_30	30	054674728a1f75336ba4b685bd480ef4c7ff56b17b8c4a44a94137d304ea50aa	1abe0e823c0cd50f32b1f13739190456b576b0f7f532fb938b4dc5abbfc43a60	525958992cdec8d04fe5d6b03e68a5edac78421c78803c4d9a8b2f10f0ef0616
59	extension_n120	29	runs/aiwf_medium_context/20260807T102646Z_google_gemma-4-31B-it_none_slot029_attempt01_51f32a24	complete_30	30	f52b6caf96623e1aed40ee6e4ae3d048e0ab79e110e6ae37289cd4d21a5e209b	52d7901c51b54eba35134cacddf2c3c511b002d756551c11c3cb8078eccf5876	724d7df98e02b74076c32d742e0c438717375e6589ba8f8250ffa8f571ee03f3
60	extension_n120	30	runs/aiwf_medium_context/20260807T102725Z_google_gemma-4-31B-it_none_slot030_attempt01_47a74526	complete_30	30	7e54ef25affc74cbf4206077f8f0a5422e839fe0ab9b18e80555e6794859c5ff	9ac9ff49dda81e98af99d276716048154e64609ff49818752933163a13904dd5	cbc30cfe346a9e5b9ac0157edc7ef00b45e6995b5536e8bf31ebb6bfe6ce6117
61	extension_n120	31	runs/aiwf_medium_context/20260807T102805Z_google_gemma-4-31B-it_none_slot031_attempt01_31039d4c	complete_30	30	8fe080ca2e8722149302ad2a3aac021a82d6cd273bf73b36b1ae64ab7dc9ab68	19c8bc97f6f447d31d0a5afd061290c7c8bb6dc9bd36b61bbe57b63b16c15108	3300d628b6e743bbf8e97bb7ff46befd7a7c1b9c3f5b4204f1c233a70c807506
62	extension_n120	32	runs/aiwf_medium_context/20260807T102843Z_google_gemma-4-31B-it_none_slot032_attempt01_da6304d5	complete_30	30	63e5374ab0e5406c31522bbbdf0dc6c3b185594a2e38cd58b93ee0eaae3459f9	7845ee5f1d78a5a973e881f1a031967db6b5536cd239212ad2db6529cfbf0cab	e33a88e0cf0ea7b8afc02f9bb47816ec0f79307afd8433117fa83759c31cebb6
63	extension_n120	33	runs/aiwf_medium_context/20260807T102919Z_google_gemma-4-31B-it_none_slot033_attempt01_c4013d30	complete_30	30	18f8fd64cfa0c506fa32bd6fb782f3efa1c915c6193821aed3a6d7e908ba851d	983ff57194c351701be605ffc087ca38e2c338b231bb647b5793ca71d50ead29	ddc6b2ee3475d09bf2929d6258356d4b9d4d685eb72248a7395e7d625c1c43fa
64	extension_n120	34	runs/aiwf_medium_context/20260807T103004Z_google_gemma-4-31B-it_none_slot034_attempt01_cb02eced	complete_30	30	8d4b34e66db7b46735534196f2d3a8af72f9e05ce8ff25ff16187a6dc0023c49	3320699f23e8043480ad168f097ab2884dba604de0b46c90e9bdb6dab3b6b0d4	6b4d31163842cbc7e67c70673c2114b5f1573e8ef20685c32fccc7214c461bad
65	extension_n120	35	runs/aiwf_medium_context/20260807T103044Z_google_gemma-4-31B-it_none_slot035_attempt01_04fe8028	complete_30	30	5047e9cce19906583da509cd97c54a849a7af666df27fa477e120a0d3ceac158	4fd57b6d863dc9f9ee802bb9b812ef1c69a1571e33e786bbd443939bdb5e7021	a99015b825d6e95d75fe67ea61490f5aa7e3e6432ff3ff0f4c8e1925b8a61162
66	extension_n120	36	runs/aiwf_medium_context/20260807T103125Z_google_gemma-4-31B-it_none_slot036_attempt01_51387e33	complete_30	30	e6224a98a94874d21f44400e6e77bc9d21b6057fc4b57cd926f3a9807f2a76fb	d525d1914c92967e2de6afdd75ebde1f9e616fac92463be08cdec1f2937e07ee	f33ba4739a5d932b16fd0e6d66a8f34d7c07db736d43795744a1e955fa1a6cc4
67	extension_n120	37	runs/aiwf_medium_context/20260807T103210Z_google_gemma-4-31B-it_none_slot037_attempt01_55364dce	complete_30	30	99dd5d72304da011e293940dd911c2131ff0bec5d4423d92209f55d319860ec0	191bf348290afbed4ec2454674dfe6462a144043c891b404b17373445300f43e	bdfb3a4a0a4dd74ec915eb86f8cafcd2231b27b51f6a8d6f7576f6985ee2714d
68	extension_n120	38	runs/aiwf_medium_context/20260807T103311Z_google_gemma-4-31B-it_none_slot038_attempt01_bdaa4ee1	complete_30	30	aa3c3cd01f871dd312b28442c2e78067d716c111304ef95dca5a8efad6a4add3	acd426b8e716a4b2f2f8973c4fbf6dc2db395b597b422a6270ea497a45eb47de	6d7f95bd2dd9f8df9a542400430c19b59ba3d8dee7fc491e216c0340a6842a28
69	extension_n120	39	runs/aiwf_medium_context/20260807T103351Z_google_gemma-4-31B-it_none_slot039_attempt01_55a75cdd	complete_30	30	24ac62fbb090f6490e0c8cb4796dc6670adf6d1687ce9ad2a985b4c9308ccc72	3ee0ec640dfc39c5bd9dc427ccd0319e5362a1d0a999c720e372088a1f282e81	9f0c5a068b1f6e40c05104f7b32c1c41c257cb517969a2852ac44781cd0b601f
70	extension_n120	40	runs/aiwf_medium_context/20260807T103432Z_google_gemma-4-31B-it_none_slot040_attempt01_95aa5534	complete_30	30	1400ad3ebbdbcef08c43de330effdbb6fe7a5782675f1c6671e6860e29ceba25	a160e5100281d20828b512785c76852a756c1b6bdd0f3810edd27fdad6fdcfda	9ab5be0a2ef5e6f6a31648aebe8435c049a5d24c28786b30d27c43b594ba7ebd
71	extension_n120	41	runs/aiwf_medium_context/20260807T103512Z_google_gemma-4-31B-it_none_slot041_attempt01_70fadd31	complete_30	30	dcde4b88b1d2acff49aca33ee7591a693d2a37239a0dffadc8b37c03bd79a1a7	66c99a9d80a7b8fa8dc6852effed9606a352a18af1b4a6e341f5b129b93098cb	63e55c07a55ca7f72b43b18facb66fb58841fdc6eff8255b77251ed859dd6d0c
72	extension_n120	42	runs/aiwf_medium_context/20260807T103556Z_google_gemma-4-31B-it_none_slot042_attempt01_5b93e321	complete_30	30	687089a1fccb9488874b46b4cfee6f7d3ce93ea02dc826b1901eb4848eb9e201	fe1c7fb2fc135b3e159a6286718a1862e84dfacd740af5a7de672c7fabb3b26b	4f79b7767992611520de58e78b885f6425e56c553f271c5f6ef17219d2c925d6
73	extension_n120	43	runs/aiwf_medium_context/20260807T103635Z_google_gemma-4-31B-it_none_slot043_attempt01_7b866156	complete_30	30	f3fc8e88d17c6dd7fba7a43cb3f5b9db0fd840ced878938315714c4ba93ecb23	fbf68fc98aecf4aa2aa59c89991650984f488e0237e8c4a7b10d4cb621d82831	e38abd2d42ab884b7a36c1a2dfc376973cc563d2cba5bc96c1ada3f256e571b6
74	extension_n120	44	runs/aiwf_medium_context/20260807T103713Z_google_gemma-4-31B-it_none_slot044_attempt01_7e0f427a	complete_30	30	5b166489ba6f034a1baf02ba6db70b82f4c4d01a617b818a619678f682b73119	038d73796ed3dd5207ab541d1c3dd6288e7f53a99ba5280a2ec8222d0b69ecbc	c8c1975ed78b81cb344ec70b7579ca814a056df6297fa1bfb38e6baef5ffa15c
75	extension_n120	45	runs/aiwf_medium_context/20260807T103749Z_google_gemma-4-31B-it_none_slot045_attempt01_7cd85dcd	complete_30	30	23bb84bbd21137faca1a21e8a9264f3bfa1f1ad702c216705f68456a9da40f86	e33375d77483c63794530c5af4e4028454a73b2f5332f14c09ac05b102f1e04b	a96cefcb31b33ece1c53b8ec88cfea153b84cd0bf3c14d65ec14e18da88589ce
76	extension_n120	46	runs/aiwf_medium_context/20260807T103824Z_google_gemma-4-31B-it_none_slot046_attempt01_b0f77984	complete_30	30	79af9113c43344323219bfacc74ccf2a4fc0f08592ce2483709dd12689da9a23	41dd58a83b403f50d5421422f1f262bac9a99166c31d3c865e0fdae9c44188e0	882051c884edd83fcaec841253220cd500019445ba6bf3a91cd33ab866476357
77	extension_n120	47	runs/aiwf_medium_context/20260807T103902Z_google_gemma-4-31B-it_none_slot047_attempt01_01318ad0	complete_30	30	f7be9487f839388eee0f9e08378b3d26c37f9480d5558775146a56c5be80b3b3	db198a566c274ad2404c526e75dec4d23f05fe89e1c66fb777b063ea29f64aa2	9c3699d383e8a91019c83a6d1a67f784ba50940e4a023e381cabadb5a3f509a3
78	extension_n120	48	runs/aiwf_medium_context/20260807T104013Z_google_gemma-4-31B-it_none_slot048_attempt01_c34183ea	complete_30	30	22b5350ce7f9df3de81d63168927b289ec72e4ad15995af48b5e56e98c6e75ce	6c5ba036d1b249ce34ed72f4e71a3475806b43c920630bb30ee648ca2e7c7694	84b2371beea78272506b49d1499e23cad8da0786ca05e48690528653b3f3500e
79	extension_n120	49	runs/aiwf_medium_context/20260807T104055Z_google_gemma-4-31B-it_none_slot049_attempt01_42a8fc58	complete_30	30	05e6c65bce06e1cae0c04202a4ea377f39b85f2e76958f810927a183794d27b8	0c6582f774423a262e505c19f5f4da9a808e3e881f9e6f7214fc3b5e6a868e78	0c6a3943b850c1747619d44ad79ad2db5bdd5cb538db197ec20135eb88027df3
80	extension_n120	50	runs/aiwf_medium_context/20260807T104133Z_google_gemma-4-31B-it_none_slot050_attempt01_3c09c671	complete_30	30	18ccc8b0b837d5d5a2a923ae27d0033be48e4aa4c3b3ec0da3af07cf3d1b2539	f10e64b0f163b46593a37071a3420a1cbf4eb2a18ab1cc4b63cd6415a6f0c6da	2038ffeb84133ba94611197f7a3df772e01dea1ecfcec22a40265b2bd478ef95
81	extension_n120	51	runs/aiwf_medium_context/20260807T104226Z_google_gemma-4-31B-it_none_slot051_attempt01_7a01d6ff	complete_30	30	9d529db0525bcb35f32b7e62abe006f1c44a2e4388884a72714ae65508d93757	09e2312f4ad9963eca7da1ea8b0cf257f6b961e617e3488fa76a8d21402d94aa	20765fed2811f92fcee7c5d13464be830334192b35eca2f95f89504448ce7e04
82	extension_n120	52	runs/aiwf_medium_context/20260807T104303Z_google_gemma-4-31B-it_none_slot052_attempt01_0bf48273	complete_30	30	7289ccf2054987c0f1e163ad34827c759af3b778295eb85f520fae839413174d	6075612c36d9f5bfc261371ae74a1c8a8e5e76ae939035aaad4efde7578f446b	e1aa2059bef0bc57f4062c653c975c025a55fdcaeaf08fcbe8f8b9ce37d49a53
83	extension_n120	53	runs/aiwf_medium_context/20260807T104342Z_google_gemma-4-31B-it_none_slot053_attempt01_e631adf5	complete_30	30	de254cea42ad60fb05c21642db35f855a4c7065ca08213fdcb489a98cce02571	6d715129a5fc9f2b06aa43e35384ad6fb8e05870cf12c948ea9387f012814462	cd65b863538007292ff1829c1b556d5fd5332f87688fea219b9df6b4ca2c1e50
84	extension_n120	54	runs/aiwf_medium_context/20260807T104428Z_google_gemma-4-31B-it_none_slot054_attempt01_4e65ee87	complete_30	30	dc3f9be1973c5cda47713a2ce7a1c6171d0f20604858a9600574842941c3cc84	41ad29ca3cc0ad9af38d6ec3800524b61ebc4809e7c54e8e54082fb016e78145	901941df2f239644eab6ff7855bd31cda521e8a83531831d48a2e2be33d4a6b4
85	extension_n120	55	runs/aiwf_medium_context/20260807T104517Z_google_gemma-4-31B-it_none_slot055_attempt01_be9454d2	complete_30	30	a5611f80f156a97d749b90e3f25a07c778d5d38177e3cc1d51a24497e0bf445d	835868fb7a93ec256a50aa5cd2133d2ce47ce41162151737016007be09e131ce	a068e9be4cf54e19c1831fc6d0dbc8e4b4e0e7e1c39d601f0ab93f1ddb6f96d7
86	extension_n120	56	runs/aiwf_medium_context/20260807T104557Z_google_gemma-4-31B-it_none_slot056_attempt01_086d96e6	complete_30	30	cf240f195c1f52c389d7351b8199b08cd77536d2ecee3927eed9a0283f4fa6dc	9484b44a44a5f79b8724b3d7e99b0f922148ed3ff2d7b775f5c0530da46adcac	6f31d5cb8c82c0ff0e65352811636edd121cf6d588d8d2b79c026fb9fbf5a4dd
87	extension_n120	57	runs/aiwf_medium_context/20260807T104646Z_google_gemma-4-31B-it_none_slot057_attempt01_9de9a464	complete_30	30	8351b84b16e7a18f24183de6a624d08271cf6d10fcd4fa9d8dfa58fba5f3e70a	b49422554017895254fc01eb34373e07e66291c8a228d6f39816d3a10da635e6	77d0fb8f5a2048c5eb69336643b893b093d828fca852c6edd972075cd042ab86
88	extension_n120	58	runs/aiwf_medium_context/20260807T104748Z_google_gemma-4-31B-it_none_slot058_attempt01_7b361df0	complete_30	30	91e42a5e0537992ad65b9d2f8668e1a0e7152d232b2e0a5b4573fb974cbb14ea	11a9d141c695485c3ae2abbe7f7d4d1b1e984694a14e082ee6bb8dbc1b26bdd6	fa595fb6f61551b5073bbfaffc6c73c689d52b2891d30b8bfd74968d4157872a
89	extension_n120	59	runs/aiwf_medium_context/20260807T104828Z_google_gemma-4-31B-it_none_slot059_attempt01_18a439a4	complete_30	30	cf077cc515f704f8a8a106b9cfec9b12329202c262f8bc536addbe19b02d7820	9f3c61a096713fac244d5c3532bc1a74bdde815157514f75426a7a1b938dc37d	a5a7425b8f6870c52d0004b25f8a8936a2e0be95970e7f2870c0aa796afdc0eb
90	extension_n120	60	runs/aiwf_medium_context/20260807T104907Z_google_gemma-4-31B-it_none_slot060_attempt01_5b4d2152	complete_30	30	53030eb15824e48be4236fc8f7ae819d01d045973b5fa93f406565f61f262a89	f31f0a1587f3e4d7fe7eb7f59dcba78ca2bd97e0e045045a0e6a211c6562569e	840a795ff18a7e265f1abb0da98016fe9c03744752fa4c28d36528f9ebc9b0d1
91	extension_n120	61	runs/aiwf_medium_context/20260807T105011Z_google_gemma-4-31B-it_none_slot061_attempt01_273397d1	complete_30	30	0677c7fcf43e57eca9f75c0ca5a77d132ac1bd5576247c1f1b9c17ac3d612bfb	9d8bd72d7074189fed9b3cb155813e5e9cdbce40884a700f89faf290a433775b	a432c265bfd53ea37d18d14b657860af0bf144784a684742e8f5797ab60e44ee
92	extension_n120	62	runs/aiwf_medium_context/20260807T105050Z_google_gemma-4-31B-it_none_slot062_attempt01_aeec33a6	complete_30	30	1c9cda673cdb1ec66e560428baa58dff2011fa9031410dd2c8b9597d3b7f223e	5395eb5e460c5102357ecc25d7db54e423884ed45691d463498793f4d1c8282d	cde5e934ac29dd4e7aa843decee6403a2d2d4b353482a3c7da891fb28e910310
93	extension_n120	63	runs/aiwf_medium_context/20260807T105141Z_google_gemma-4-31B-it_none_slot063_attempt01_7ac7e45f	complete_30	30	1d3f7c18298caddb51c913b5f8d837647d386a132a7c684ecf25c0dcb30a113f	3ff19984eba3f3c01ca38dc103444ef7dce861ce91249c4c62333a23b5645d5c	f1560320947fc872b039d3873a108713649faaed9b94b3a0c21ab49ba7527f51
94	extension_n120	64	runs/aiwf_medium_context/20260807T105221Z_google_gemma-4-31B-it_none_slot064_attempt01_5499a39d	complete_30	30	7adbf749815ebc8e09ec4d551f79423df537a669f9b82cf1bba8259448c9fea1	46d2f6a31420f45c57eb3bcf205cf16f0b0b3869d5311a2a9ca13412ac3ada92	cc0295c54fabdcfa04087eb17a7e1e63b3c24e3a675a55aab3cd8414fb49cf70
95	extension_n120	65	runs/aiwf_medium_context/20260807T105258Z_google_gemma-4-31B-it_none_slot065_attempt01_01ae37f6	complete_30	30	275c096a85e91c68ca1acb1191587d874f524fb10b6fb24d3ccbafb85d4ecdf0	a30526f63f342d431c44c3f37d5f6573d54d89c8e787bc6dd3c6b6102ca2f15a	5737657a1af4555a83a1c789a34e6835b40d609e7b3481a4e8d118135a8dc721
96	extension_n120	66	runs/aiwf_medium_context/20260807T105337Z_google_gemma-4-31B-it_none_slot066_attempt01_69cfebd1	complete_30	30	3c60712f1af97d1ef1eea56f7b64d14749aa57c2ab141260f06299bfc26ccf35	b83748ef7f48316256f45d1267b5e21d1e7c7ccc7a0867c0cc692a484330c6ef	b84cd5080bc70d2fc377071a0be59d9a7e9d3a90f14874e14dba4628809482c6
97	extension_n120	67	runs/aiwf_medium_context/20260807T105420Z_google_gemma-4-31B-it_none_slot067_attempt01_20676538	complete_30	30	fc4b674d9259f843ef392a7921f44c37da71f607d3a6c3b2b8f9616464e0c92b	1c0cbb4b422c3a8e8f76287f5db7d8444da75a5c27b8ff5bd22c9be2ed46d7ac	3cd2d7773514d5494c245f86dcfbb4f95435c8482ddc9defbf7e3e7f2035d712
98	extension_n120	68	runs/aiwf_medium_context/20260807T105456Z_google_gemma-4-31B-it_none_slot068_attempt01_e3db54fd	complete_30	30	3c02f45dfddc330b52871a0bd023ab37a5c94ef32cfbef720715da18134466b6	2395e3038b843688e0a72376896ab275b0a6c37bff730a8c230e8fc8380a6a62	95785d4d91c7ebd8353dd1870e17d1cbeb70d7f4aabd97bf8d7544e2cf3bea4d
99	extension_n120	69	runs/aiwf_medium_context/20260807T105535Z_google_gemma-4-31B-it_none_slot069_attempt01_fcc26f18	complete_30	30	62b730090c88be49e534d44cee65c8f3e2b9c4561389eb4bd7d8319f85d974ee	49b7deaa7d72fcd1aa2e5bff98ee67bef0e10a36d3f0adb1b5204d0da68ede55	246ca51c1ff344f3a0cd46cb64b4374276db72129aabf68b4bf06959935ba65a
100	extension_n120	70	runs/aiwf_medium_context/20260807T105612Z_google_gemma-4-31B-it_none_slot070_attempt01_da45eba7	complete_30	30	d17d49a1133d33e926bb6bd8ea6f2ea437f0423ee52860d1ea0a785f89c251fb	8db182c36b58759425f01440226724ec275a545dc954d98822b5e12cbeec13c5	8a7e88c6c1c642879eb91a3ed212c0807045d793dfeb2c5b151c544f2042c582
101	extension_n120	71	runs/aiwf_medium_context/20260807T105652Z_google_gemma-4-31B-it_none_slot071_attempt01_9260ebc1	complete_30	30	2b00a6cacab6d1cd7beb275c56996169d5ac5e48082fa581c90c70d7e01fdc4b	4e486b3b9225178af6d5efa1652dfb1bde9ae5cff9f6667b7dd68544a7d4294d	079cf315f8eb9eba6fae66edf01c7e5784c44e6f05c4276dc08dfb2261862759
102	extension_n120	72	runs/aiwf_medium_context/20260807T105738Z_google_gemma-4-31B-it_none_slot072_attempt01_f53b3fe3	complete_30	30	667fcbe804654c6b4b06005d5ef3edfd02ade07761f91ccfbcbe5d2009cc1e9b	7e498d522b1cb3ac9015dcfb26fbf4803828dee46744c8c4a7ff7f0f06a4cc38	fd2837940daf6a21cc72cc62c9b691042fbf870d85855c496906d01bde6e9b6e
103	extension_n120	73	runs/aiwf_medium_context/20260807T105816Z_google_gemma-4-31B-it_none_slot073_attempt01_4b1ea9a2	complete_30	30	9fdc3a0300777be672e7fb19ade66db2b2fef24d128dcdc6ca186745c5b70419	4a88cbeac0474c758902f5e589afdfd0e0508944faa9ede776ba514b66938a6e	7ad492e4bae1e838a42b7e13b83a4e350c91caa9b81f2d4f1e6b8e6a83a72753
104	extension_n120	74	runs/aiwf_medium_context/20260807T105859Z_google_gemma-4-31B-it_none_slot074_attempt01_8960f9e0	complete_30	30	4fb5b08af2fa1acb8f0e4278ecba4295ae7df8031f9c2e15197490ca7c4cb4f0	38bcfc81bc508542c94a73bde24da48f5a1ba181eb216aa6cd9928863b0de00a	51344ac73961814ef79b4eda3603a8c8af3c0fbd2f7ab8d7013ab14aa6394f37
105	extension_n120	75	runs/aiwf_medium_context/20260807T105937Z_google_gemma-4-31B-it_none_slot075_attempt01_d6e1e764	complete_30	30	26e6c6bd510ad20e0f9b2a414e92545edd5f0ea33c993d1366a0e07d84b6c4ac	0f7213c15db0c9a47e08341d8805d7b48535f725f9d886608afd13c6678fa53d	e58c32009773f075d65a86b3186d78df900900e63b75692992557a80fe3bf49b
106	extension_n120	76	runs/aiwf_medium_context/20260807T110021Z_google_gemma-4-31B-it_none_slot076_attempt01_780eed05	complete_30	30	f91c6721227f4b7808d3417385d3cc13b422582e9a4b7f1e7a40fc5a7b4bece7	08a55cb411aa307ea4561feb42d0d26289fb92aaa759e1eea15d1b7c66f31aa4	1cb184a875b26e891f8d89821d04c91a1b03ad1b4330f0789e680a809833a3ca
107	extension_n120	77	runs/aiwf_medium_context/20260807T110058Z_google_gemma-4-31B-it_none_slot077_attempt01_e7e2e9c2	complete_30	30	cdbfd28f2e7094bcdff9d27b3dd8ec07192044de2f49f7a544c033a3f88f8cc6	7b55930b370eb72fcc99c282f4d5604ee419cd5b9c902ce3ce9585b0df75f171	8db8aee10e5f87b158d234bfe595b59b813a501a55b603e407328126011a18be
108	extension_n120	78	runs/aiwf_medium_context/20260807T110141Z_google_gemma-4-31B-it_none_slot078_attempt01_aa473655	complete_30	30	cab132884a1a8a0fb09463d2ad5680c51269aeceae92ada5d61693127cbf15c0	fede781f50f44c598dfa3bf01b538fb1c398ceb6da83d831ffc9c02bd2ce66e6	f51a23dd973091fa24c693a8361abe5ee56328060404517a15ca749b2e34f75e
109	extension_n120	79	runs/aiwf_medium_context/20260807T110220Z_google_gemma-4-31B-it_none_slot079_attempt01_8b2c8c54	complete_30	30	29ba51ddc785b9062d4b98363b007ca30bd1f9ccad86353c0e4af7306fe37e2f	73e5ef11eafa6e4c14c51e950233b36d77185a5df705a937b3a2cd1dd8ec2387	ed4f76fae07798185dc3304fc817ce8a779639653c0e89c68fea7aab93508be6
110	extension_n120	80	runs/aiwf_medium_context/20260807T110259Z_google_gemma-4-31B-it_none_slot080_attempt01_cb78c404	complete_30	30	0ebb4d54e01cbcc9976f5189e9eb49a2afde024212eb19be7d3caa5380a55e96	28f3ed330007784c3724d96a943fa4ec28ae008d5b81c15dcf06f7aa59131957	2994ea14a6d65fb99661580ebbac8fb29c6a0e23ee81ee9bf2d5cf9763414ae3
111	extension_n120	81	runs/aiwf_medium_context/20260807T110337Z_google_gemma-4-31B-it_none_slot081_attempt01_0c416c0e	complete_30	30	96af2e085f44b58a857a3bd4fe932169042db17587776d80cd51881e4aad799a	c80474ea56faead375b5eb92577b826c720176d49399a187f029e16e07260915	42b311246a688a03ee3e15b4d22d2b9d803b1a232938a5102fa72286c371e393
112	extension_n120	82	runs/aiwf_medium_context/20260807T110415Z_google_gemma-4-31B-it_none_slot082_attempt01_c95b8b5d	complete_30	30	aeaa0606b2d92c8b774e12c098b16c9b7baa95791c94ca269abea883d9c6d30f	67366f4c3396056a7de70732b88e02cba5b16710125c77d0da4d1d3c3c0d0d68	60e8a1150fef2ff7ca046d0aff4125f23d7b705405ba1d8cd373b6b49b58c820
113	extension_n120	83	runs/aiwf_medium_context/20260807T110458Z_google_gemma-4-31B-it_none_slot083_attempt01_fbc62862	complete_30	30	f0c9d6d1f779634571c3c68fcc29be7d6473149f872e4e6711b70da92a8d2950	f78bcedba70814f3302a9bd6aeb7b7f3f8033111948d0f4670cb28ccb01a8e2b	77936a1ab4e686c9991858d110943297089fc572671154cd0fbff406a6ad32d2
114	extension_n120	84	runs/aiwf_medium_context/20260807T110540Z_google_gemma-4-31B-it_none_slot084_attempt01_4cd4d8b4	complete_30	30	9fddd6df245c7680b999504b1dee72d68d232ebb75c14f066022e0dce66eaed0	64a089ae60a3a03c1637c56f31c2ec2dd65d07cc3e1fa2350e2ec8579c6bd653	9155e52e2d7706d9ec219a1ffd65be42bd12a05f837a3bfcff3d06723f814c94
115	extension_n120	85	runs/aiwf_medium_context/20260807T110618Z_google_gemma-4-31B-it_none_slot085_attempt01_0acb059e	complete_30	30	fc9a75e0c6674380c8672977b0d0113666357aa55dfbf4ff8d2fffccf56bb74d	e8adecc8aa5ad10700e95a27fdcfba9e2450212606185835f317084182bd375c	4382084591a2543699d625ab6019746c01c6323c81228b8289284b819cf01c76
116	extension_n120	86	runs/aiwf_medium_context/20260807T110703Z_google_gemma-4-31B-it_none_slot086_attempt01_a3b4a468	complete_30	30	b54b04257cbf7a6a333e3cecaa399f8dc68ac06bc91ac26037d69ed8a6c18713	fca8e85b104eb3988aa1ca67b55120deae6902f7318a0ffaa6b7c8bdb1f91bd6	aadacf21666df46a53309b6a0a9af6d626df79cfef35fa629b4f0844deff8438
117	extension_n120	87	runs/aiwf_medium_context/20260807T110745Z_google_gemma-4-31B-it_none_slot087_attempt01_ed6de934	complete_30	30	b05b5ef9143cc7437bd9b0a80a74a6eb88480b4c4815f11e209b5e77128efbe8	9e7c78cb9efa2efe04c5743ed032d62a0b29f8574eeece236642258317223335	2bb1cad7643929e6f678f7e5eea14037699d00fcb243e8f1938893f707a390da
118	extension_n120	88	runs/aiwf_medium_context/20260807T110827Z_google_gemma-4-31B-it_none_slot088_attempt01_10c89a21	complete_30	30	808447cd237af95aa986f70f5f163ba670aa25a9d29ee36cac19ba1af0211c71	3f74a63f539819c6a0a3f01bca1a7c1826aa3830c42e95f476a00d5e55cabe3e	a8de2f1c2c8c33495ff3b17cdf9ad8bfa65b4c64046c2ad3705a80891ded336d
119	extension_n120	89	runs/aiwf_medium_context/20260807T110913Z_google_gemma-4-31B-it_none_slot089_attempt01_5683c4ff	complete_30	30	100ac2b1c05501d9447e1c03704a52fde02ad5e24f9c3274c566644fae49659f	4ec54501823e1a997d38fd7ef80b1de8547ebb82b6f3ac55cdf976b8f5dc701b	33da4930040dcd0fd9a673cc239e1d7c1f56eed5cf0d05b146428b323bbe9a05
120	extension_n120	90	runs/aiwf_medium_context/20260807T110958Z_google_gemma-4-31B-it_none_slot090_attempt01_ad8ad048	complete_30	30	1e3ac52853111e876141f52b18aaf77cf86afe2ca5b295a751d711f051a89b8b	bd73baad03bd40e69485e0b0a79fce28faac6d1c87554c86ff00b6699361d3ff	9b2212014306ec95787e1cc531fa76a633e5b650c7f7636b2633665203dce4ff
121	extension_n120	91	runs/aiwf_medium_context/20260807T111048Z_google_gemma-4-31B-it_none_slot091_attempt01_d0c8e9b3	complete_30	30	e84de27acd6923cecb22ce873a74428090745ccae7bf4110d22b9431b22be6d5	0b1326f001cb731258d4d7d50e19ef998d2bbb409314c622923bf10132daf0d5	e50cf269b38ba921c7aaa4a4648e6ff7dece01aa9ccda2c779169e8bd1e97b60
122	extension_n120	92	runs/aiwf_medium_context/20260807T111154Z_google_gemma-4-31B-it_none_slot092_attempt01_a89d7ebe	complete_30	30	bb11a15c5401a81d8eb0bcb2f75a330c317aec7f03bb78df612b1fed4d8b613b	b92a81f2665f57ba48c4e412fb93b508d34f499ebd6b75bf775b7c4679bab2d4	fcd3bad0b072edf2811fb5986f6a76695cbc35e0fdaa489b00d6ba8cfec70f7d
123	extension_n120	93	runs/aiwf_medium_context/20260807T111245Z_google_gemma-4-31B-it_none_slot093_attempt01_cd9dde1b	complete_30	30	f426e4635960dc8591ff908c4851b792219c334de6000922f36d0014827a3367	d9e427e963180640d394084f1f89627f5ccdccb63f1cc3225f3213c42e6d21c4	d91e4eb79cdf6f7630cc87c1fa3bd18e383ad4d0680dd8b4b919f4b2b324dd95
124	extension_n120	94	runs/aiwf_medium_context/20260807T111323Z_google_gemma-4-31B-it_none_slot094_attempt01_cc003410	complete_30	30	31aa3d156479205b04b935a5f6e06b90855296fe51b9574857ec5bacef1888de	1e7a6464d09fe29f00bf7a7ac1ad2f46bdd9f5a8a70a689e10f0d5d9543dc112	55d17d7016365ee713a62b2ee428aadd29ed476e6bc15e41b77cb41c3333010f
125	extension_n120	95	runs/aiwf_medium_context/20260807T111416Z_google_gemma-4-31B-it_none_slot095_attempt01_8a0cf777	complete_30	30	db1ccb0a0a05f31ee409ce3e5e6bf01455182ceb0f7d303b8831234a82aee138	f57bb1825aa5da99c427fbf65c5abd93d3f5f02fb7c1cf07bf6e91b73995d0f5	a0562a46b8d62df9e5c80876e2d4fc58a1b85f92495e73f87664a89345a5d2cc
126	extension_n120	96	runs/aiwf_medium_context/20260807T111555Z_google_gemma-4-31B-it_none_slot096_attempt01_03a3f046	complete_30	30	40f042b202a64dcc07f369ed04713a8a04876ffab5d876088ba1ef8560fe1baf	d1ebfb309927ab6f2a474e431e51018c18bb0191afe2af636f2ac4cad53d5333	f11ce5f3e73f90054cfcdc0f64ceb4bc3ccdde3411dab7a80c3b980b94fba831
127	extension_n120	97	runs/aiwf_medium_context/20260807T111636Z_google_gemma-4-31B-it_none_slot097_attempt01_a73e8f9e	complete_30	30	8c071ac222ef9c2aef34a184dc839560b8be3cb8c6744e175e510eb559ee0e61	7f8f31213e27d12944502fcf085af6a522c50e1f1faa3fa9534c99f60d2b7222	4d4e67755adc3528175742d48237df6364f045c5058c7b36942e691bbf6179c9
128	extension_n120	98	runs/aiwf_medium_context/20260807T111749Z_google_gemma-4-31B-it_none_slot098_attempt01_caaab8a5	complete_30	30	12c89fa11150742c4b89c0d90dc991267b5600152ea393ade07cc72db9a7aca0	31d78a34f460dead2bc57826f36e279a096cdc2f5867e93732f1466a8034e1a9	ab33f12bdc1a136dd812624ed2ef601554c558f599d43cc2c0da7e6049ea1928
129	extension_n120	99	runs/aiwf_medium_context/20260807T111829Z_google_gemma-4-31B-it_none_slot099_attempt01_4a95c57d	complete_30	30	305b6b221cbbed122ae108570c03b3c09d73d7de86184650adb05c452c43ce37	023a3c23bb5b81f88be648ac3520bac01cdffbe1415e85caf6078de85ce1202c	90920aa0ff7961e032e60fea4b9387f84a46202a9048bb7ba05727e91bf753ef
130	extension_n120	100	runs/aiwf_medium_context/20260807T111908Z_google_gemma-4-31B-it_none_slot100_attempt01_0f40c22d	complete_30	30	f7e4c2900958bca3ed11886c5d1040529a77cd9dea01c7eeb3e604d43f627f57	86fd7410be90a50f603e704f7e665a0d3931d399a64cf048694da923f136eebd	e8a6ed44c6f7ee403bb15a899605b13a3609d8d26edb689f919c143c129f474c
131	extension_n120	101	runs/aiwf_medium_context/20260807T111944Z_google_gemma-4-31B-it_none_slot101_attempt01_04a16ca2	complete_30	30	b9bf2e7d3c6088d9b41bc36adf100d6d2c780f7f4b938b4242ecaabb5c72fe53	b4fc70b7abb55444c875a91b681d10d2bd473795f67e4cb9e884ab2205fa01ae	271f35ba5b97efc04e8475673a5af761f0127be0f2916c9cd4ff39413e083f7d
132	extension_n120	102	runs/aiwf_medium_context/20260807T112026Z_google_gemma-4-31B-it_none_slot102_attempt01_acc79343	complete_30	30	be757c8e5e650adbfe5c7efffb53cb9a4868719c1b84a97034246fa4fd9a6403	92b9e693862ccb4ac7e56c7f45b55ac9125a9e0ccc9e74763d02244f7374f13e	3e90ae0076642853c1800fa090fdc8557cb6af40e9af98b6f7e575ed55ea407b
133	extension_n120	103	runs/aiwf_medium_context/20260807T112117Z_google_gemma-4-31B-it_none_slot103_attempt01_9fc66203	complete_30	30	54eed39c4687d10ca897c2eb70eebf2bdf969a2fa1c947058bd4cd5a244cdf62	cefbd2dba8e9308a23c468d4133f1298919a74320dc4c2b621110ff2a16d0fd3	17fd3c9fa64b4d8bc71692491f824a0dd8c3d54cca053caf7d2dd76630264613
134	extension_n120	104	runs/aiwf_medium_context/20260807T112155Z_google_gemma-4-31B-it_none_slot104_attempt01_f3ecfb7d	complete_30	30	18f1488abc6aca89bed3b2c552a3c17ec81e42452d1258331138d57028137a2b	2e74b36cc1583da3de73201a54a069b654782f20ae2482e614a1f94cb8281e13	64d782db22bf8bb2e5756fdcaef5320975af8298241ce21bc6c37d7a4f2bbe9c
135	extension_n120	105	runs/aiwf_medium_context/20260807T112234Z_google_gemma-4-31B-it_none_slot105_attempt01_eed5caa7	complete_30	30	43c8e1ef603adbb7d80bf08e23aa8703f2396588dbea303526ef203e3c93a5b0	5d72baac50aa7e236a0e0d9ae1f36c1107530f34f75dc54f76e70a7c36a0ba42	343d6a052e8c672f973c20eac2d0bccdc64e667c4f06afd9718bce7fa5e6712a
136	extension_n120	106	runs/aiwf_medium_context/20260807T112319Z_google_gemma-4-31B-it_none_slot106_attempt01_8a095c7c	complete_30	30	003d7f18e1d7bc5618a0c35ed3a67a7edcbb9d2df00248614856a85e5865603a	3bcdbc7e02c3ab62c77e28a953d28fc50c3f1cf849ddc2010cdb3c6a32485495	cc1a51f1c27491cc2297c53c39491de2b043777c62a8afa4b4dfc3d605f354bd
137	extension_n120	107	runs/aiwf_medium_context/20260807T112400Z_google_gemma-4-31B-it_none_slot107_attempt01_e37ab84a	complete_30	30	4a572f6131219de7976b49b77720c3e4e2b58f5a557617623b6cb48804eb4e5d	a752c5509564e5a00e7de7a367788f792d49b8bec0470daf357e38295a5d5678	b5f3c02a0a21e06c6e07eb6b6a2f4bc676fdc58abe7a40483246e0bec595a0e3
138	extension_n120	108	runs/aiwf_medium_context/20260807T112441Z_google_gemma-4-31B-it_none_slot108_attempt01_e4d736a6	complete_30	30	8bec5881e3474e2047075081228d760416bb8864c8e6d77f8330ca2acce97141	bad47c5925ecde94170d8605005af55411f7aeded24d9d92c9db37b031a6617f	e636b9a0f1d3c731f5cb439e994ce659f4f0ab351e9a66c3e3c52544d1f30f6f
139	extension_n120	109	runs/aiwf_medium_context/20260807T112521Z_google_gemma-4-31B-it_none_slot109_attempt01_df9fb241	complete_30	30	3c94816f7ea23bd4d37f4deba28681cb909201b532a758246017a7c984e27248	8c6851bf647bc9b214ab169fc8aab796f65a9ebff30235dde21445b6e6b448c2	5f06f3573d97c0e22f4a385b2e97427ed8239aacbcefa14b341daee2b6c32eaf
140	extension_n120	110	runs/aiwf_medium_context/20260807T112603Z_google_gemma-4-31B-it_none_slot110_attempt01_32b78891	complete_30	30	b168c29cd2697c6776752b1e3f9761f15fabe695ed906130c9dda6a32eda3a25	55653c1c67eb9dfc4637d78723796b7f1fd4d54c90fc5a0f89142fc29b30673c	d9802caac922cb037bc89b7495ef9359e99df4cd74123adebe8943cf731c2df8
141	extension_n120	111	runs/aiwf_medium_context/20260807T112640Z_google_gemma-4-31B-it_none_slot111_attempt01_f6d6bd91	complete_30	30	204e7b4a855897bf2cb9242c646268f54708e5511683203f7ce8099a29e91cb9	e2d39b4477ffcffb5210fa2c5a2704c3a055ec65f7bc28d888794786c8b3b259	4f4d4b56088d093a9945a46385e2fb95cf0d0f77a156ad498a2237c0338a50a3
142	extension_n120	112	runs/aiwf_medium_context/20260807T112720Z_google_gemma-4-31B-it_none_slot112_attempt01_db03b753	complete_30	30	387b5ff9747954f906bce5d5a4ad856c9b066ba0a41c9967f0238a1bfdb47386	a77d47308aebf25ac2c98a9143ceff38bc82d00118936f74d3dbc734bd82bcdb	be0e6186b2f8828e4ba9df276e38a21bf91aab4b94693985e3275471f5e81d4b
143	extension_n120	113	runs/aiwf_medium_context/20260807T112800Z_google_gemma-4-31B-it_none_slot113_attempt01_71181f5c	complete_30	30	cad2e24fbc9d3b5ab8d9c9de9e0a20bbaef1cc1e9a66645a7b640de628ef1cf3	c907140953987b055c2fe8911d19710993004deb2f96d8878cf1a74d1a2fdc4d	10e87c0382e67ecc7de73548112e8aaa65b2fa4f7d3cd65a94b4c14e782b2d98
144	extension_n120	114	runs/aiwf_medium_context/20260807T112837Z_google_gemma-4-31B-it_none_slot114_attempt01_fe45609a	complete_30	30	76c09958eb65c9e6b7548ed254bcb53ab3c17e1dc24059e1af149c83a6dbeaf5	5b5e096f15b61369f4dad4044be6dd1e407b80095317b3132dfd8818b3333369	576363ff53ef6f1ae85decb1e7af087322fc95407e6a495e522135902f2e550c
145	extension_n120	115	runs/aiwf_medium_context/20260807T112930Z_google_gemma-4-31B-it_none_slot115_attempt01_2e620b0c	complete_30	30	4df3fd8954c6e4924f5621b246f9bd42609b7afdb350629c33104a72c77c8ab4	8e54fbe93da8d219120d7da2e75c321289f059aaead049edbeac851ac75e4abc	1cc3ea4e51030643fcc3cffaaaa5417f9e05602784d44d48ba6ca0bcdf17a846
146	extension_n120	116	runs/aiwf_medium_context/20260807T113014Z_google_gemma-4-31B-it_none_slot116_attempt01_f119f59c	complete_30	30	b70a0dde90967d2bf205b5ef91e3b4a889644d8ff4c5e28c342fc1f1fe168887	acf3db23857f66aff25ca361ad1d1ed9d64b5f830622e2958d40fae3a0a977a0	54d4b2eef44c5222fc193b164b0083526e23564adafb20b969fc5aff4ff8b079
147	extension_n120	117	runs/aiwf_medium_context/20260807T113111Z_google_gemma-4-31B-it_none_slot117_attempt01_02e95c8a	complete_30	30	6a6e280f5ae240ec3f6a28ac741088fec7645eb0c52aebee5e39932999ce43ab	b501ed6d11e16a4cebff1218a032306a3fd39685dbb4b11ea8200d146922fe3a	124068f6f0eb9bb3b6f5418b995e0e83d7b192f3e91fa4af0efec53e3e5b75fa
148	extension_n120	118	runs/aiwf_medium_context/20260807T113152Z_google_gemma-4-31B-it_none_slot118_attempt01_da26dc45	complete_30	30	4cd98cdfeed6d21275f62d3b02c7b014b9b7b164afcda50f596c2c4ba49064db	8edfe32c8b6bc2a4880710c4f6fe87ed953a3d82fc1f793d70e01cea113d2c42	d5576e745ea2977cdd7997064966c49f9d05c9e61ea3713d02a65fa2c6b1205e
149	extension_n120	119	runs/aiwf_medium_context/20260807T113232Z_google_gemma-4-31B-it_none_slot119_attempt01_8386706e	complete_30	30	df845bd2edc6b608522c819d75f162684862e514cb6a6a3edf12bfd7da0efba1	df1797ee056566327587474e60f5d0bac8437897a4a75a7f10267aa102c9cda7	c8062aef62ed2a9761afee0a4da024b745bf11056953cb04edc5841e3b0c238c
150	extension_n120	120	runs/aiwf_medium_context/20260807T113311Z_google_gemma-4-31B-it_none_slot120_attempt01_59547e87	complete_30	30	a35440ef13856613248e308622ef782d9152f21b360e122283f38b6aa70d5eed	d37bcc2ff650f2282c90c57ac21fcaa32fb2833df224124b8dcfb488f3f7dd21	669c8403ee32d842d5256ff7b8a105a0ae49f5737ce02f6cd40890c319e507bb
